INSERT INTO organisation (organisation_id, name, tax_id_number, country_code, currency_id, accounting_period_months, pre_approve_transactions, pre_approve_transactions_dispatch, dummy_account, admin_email, created_by, updated_by, created_at, updated_at) VALUES ('75f95560c1d883ee7628993da5adf725a5d97a13929fd4f477be0faf5020ca94', 'Cardano Foundation', 'CHE-184477354', 'CH', 'ISO_4217:CHF', 36, 'true', 'true', '0000000000', 'lob@cardanofoundation.org', 'system',  'system', CURRENT_TIMESTAMP, CURRENT_TIMESTAMP);

INSERT INTO lob_service.accounting_core_transaction_batch VALUES ('TESTd12027c0788116d14723a4ab4a67636a7d6463d84f0c6f7adf61aba32c04', 'CREATED', 3, 1, 1, 1, 1, 0, 0, 0, 1, 1, NULL, NULL, NULL, '75f95560c1d883ee7628993da5adf725a5d97a13929fd4f477be0faf5020ca94', 1, '2010-01-01', '2024-05-01', NULL, '2021-06', '2024-06', 'system', 'system', CURRENT_TIMESTAMP,CURRENT_TIMESTAMP);
INSERT INTO lob_service.accounting_core_transaction VALUES ('7e9e8bcbb38a283b41eab57add98278561ab51d23a16f3e3baf3daa461b84ab4', 'CardCharge', 'TESTd12027c0788116d14723a4ab4a67636a7d6463d84f0c6f7adf61aba32c04', '2023-07-04', '2023-07', 'CARDCHRG159', '75f95560c1d883ee7628993da5adf725a5d97a13929fd4f477be0faf5020ca94', 'Cardano Foundation', 'CH', 'CHE-184477354', 'ISO_4217:CHF', NULL, 'FAILED', true, true, 'NOT_DISPATCHED', 'FAIL', 'system', 'system', CURRENT_TIMESTAMP,CURRENT_TIMESTAMP);
INSERT INTO lob_service.accounting_core_transaction_batch_assoc VALUES ('TESTd12027c0788116d14723a4ab4a67636a7d6463d84f0c6f7adf61aba32c04', '7e9e8bcbb38a283b41eab57add98278561ab51d23a16f3e3baf3daa461b84ab4', 'system', 'system', '2024-06-13 14:09:12.050311', '2024-06-13 14:09:12.050311');

INSERT INTO lob_service.accounting_core_transaction_item VALUES ('3e212212c5e7639134ea08a39d1b7e3da27fe65ac0da6897f606c15dbaebfc13', '7e9e8bcbb38a283b41eab57add98278561ab51d23a16f3e3baf3daa461b84ab4', 1.00, NULL, '1206320100', '1600', 'Other Current Assets : 120632 VAT Input Tax - Cost of Materials', '2102110100', '3100', NULL, '16003100', 'Credit Purchase - VAT Incurred', 11.17, 11.17, NULL, NULL, NULL, NULL, NULL, NULL, NULL, NULL, NULL, NULL, NULL, NULL, NULL, NULL, 'Testing User', 'Testing User', CURRENT_TIMESTAMP,CURRENT_TIMESTAMP);
INSERT INTO lob_service.accounting_core_transaction_item VALUES ('5d178b050e2b16ee04547c16f71708f430d3137871d2188e098223191a58114d', '7e9e8bcbb38a283b41eab57add98278561ab51d23a16f3e3baf3daa461b84ab4', 1.00, NULL, '6317110100', '7800', 'Total Other operating Expenses : IT Expenses : IT Subscriptions', '2102110100', '3100', NULL, '78003100', 'Payable - IT expenses', 145.00, 145.00, NULL, NULL, NULL, NULL, NULL, NULL, NULL, NULL, NULL, NULL, NULL, NULL, NULL, NULL, 'Testing User', 'Testing User', CURRENT_TIMESTAMP,CURRENT_TIMESTAMP);

INSERT INTO lob_service.accounting_core_transaction_violation VALUES ('7e9e8bcbb38a283b41eab57add98278561ab51d23a16f3e3baf3daa461b84ab4', '5d178b050e2b16ee04547c16f71708f430d3137871d2188e098223191a58114d', 'DOCUMENT_MUST_BE_PRESENT', 'ERROR', '', 'ERP', 'DocumentMustBePresentTaskItem', '{"transactionNumber": "CARDCHRG159"}');
INSERT INTO lob_service.accounting_core_transaction_violation VALUES ('7e9e8bcbb38a283b41eab57add98278561ab51d23a16f3e3baf3daa461b84ab4', '3e212212c5e7639134ea08a39d1b7e3da27fe65ac0da6897f606c15dbaebfc13', 'DOCUMENT_MUST_BE_PRESENT', 'ERROR', '', 'ERP', 'DocumentMustBePresentTaskItem', '{"transactionNumber": "CARDCHRG159"}');

INSERT INTO lob_service.accounting_core_transaction_filtering_params_transaction_number VALUES ('TESTd12027c0788116d14723a4ab4a67636a7d6463d84f0c6f7adf61aba32c04', 'CARDCH565');
INSERT INTO lob_service.accounting_core_transaction_filtering_params_transaction_number VALUES ('TESTd12027c0788116d14723a4ab4a67636a7d6463d84f0c6f7adf61aba32c04', 'CARDHY777');
INSERT INTO lob_service.accounting_core_transaction_filtering_params_transaction_number VALUES ('TESTd12027c0788116d14723a4ab4a67636a7d6463d84f0c6f7adf61aba32c04', 'CARDCHRG159');
INSERT INTO lob_service.accounting_core_transaction_filtering_params_transaction_number VALUES ('TESTd12027c0788116d14723a4ab4a67636a7d6463d84f0c6f7adf61aba32c04', 'VENDBIL119');

INSERT INTO lob_service.accounting_core_transaction_batch VALUES ('TESTapproved88116d14723a4ab4a67636a7d6463d84f0c6f7adf61aba32c041', 'CREATED', 1, 1, 0, 0, 0, 0, 0, 0, 0, 0, NULL, NULL, NULL, '75f95560c1d883ee7628993da5adf725a5d97a13929fd4f477be0faf5020ca94', 1, '2010-01-01', '2024-05-01', NULL, '2021-06', '2024-06', 'system', 'system', '2024-06-13 14:09:12.050311','2024-06-13 14:09:12.050311');
INSERT INTO lob_service.accounting_core_transaction VALUES ('approvedb38a283b41eab57add98278561ab51d23a16f3e3baf3daa461b84ab4', 'CardCharge', 'TESTapproved88116d14723a4ab4a67636a7d6463d84f0c6f7adf61aba32c041', '2023-07-04', '2023-07', 'CARDCHRG159', '75f95560c1d883ee7628993da5adf725a5d97a13929fd4f477be0faf5020ca94', 'Cardano Foundation', 'CH', 'CHE-184477354', 'ISO_4217:CHF', NULL, 'VALIDATED', true, true, 'NOT_DISPATCHED', 'FAIL', 'system', 'system', CURRENT_TIMESTAMP,CURRENT_TIMESTAMP);
INSERT INTO lob_service.accounting_core_transaction_batch_assoc VALUES ('TESTapproved88116d14723a4ab4a67636a7d6463d84f0c6f7adf61aba32c041', 'approvedb38a283b41eab57add98278561ab51d23a16f3e3baf3daa461b84ab4', 'system', 'system', '2024-06-13 14:09:12.050311', '2024-06-13 14:09:12.050311');

INSERT INTO lob_service.accounting_core_transaction_batch VALUES ('TESTpendinginvalid723a4ab4a67636a7d6463d84f0c6f7adf61aba32c04567', 'CREATED', 2, 0, 1, 0, 0, 0, 0, 0, 0, 0, NULL, NULL, NULL, '75f95560c1d883ee7628993da5adf725a5d97a13929fd4f477be0faf5020ca94', 1, '2010-01-01', '2024-05-01', NULL, '2021-06', '2024-06', 'system', 'system', CURRENT_TIMESTAMP,CURRENT_TIMESTAMP);
INSERT INTO lob_service.accounting_core_transaction VALUES ('pending1b38a283b41eab57add98278561ab51d23a16f3e3baf3daa461b84ab4', 'CardCharge', 'TESTpendinginvalid723a4ab4a67636a7d6463d84f0c6f7adf61aba32c04567', '2023-07-04', '2023-07', 'CARDCHRG159', '75f95560c1d883ee7628993da5adf725a5d97a13929fd4f477be0faf5020ca94', 'Cardano Foundation', 'CH', 'CHE-184477354', 'ISO_4217:CHF', NULL, 'VALIDATED', true, true, 'NOT_DISPATCHED', 'FAIL', 'system', 'system', CURRENT_TIMESTAMP,CURRENT_TIMESTAMP);
INSERT INTO lob_service.accounting_core_transaction_batch_assoc VALUES ('TESTpendinginvalid723a4ab4a67636a7d6463d84f0c6f7adf61aba32c04567', 'pending1b38a283b41eab57add98278561ab51d23a16f3e3baf3daa461b84ab4', 'system', 'system', '2024-06-13 14:09:12.050311', '2024-06-13 14:09:12.050311');

INSERT INTO lob_service.accounting_core_transaction_batch VALUES ('TESTreadytopublish723a4ab4a67636a7d6463d84f0c6f7adf61aba32c04890', 'CREATED', 2, 0, 0, 1, 0, 0, 0, 0, 0, 0, NULL, NULL, NULL, '75f95560c1d883ee7628993da5adf725a5d97a13929fd4f477be0faf5020ca94', 1, '2010-01-01', '2024-05-01', NULL, '2021-06', '2024-06', 'system', 'system', CURRENT_TIMESTAMP,CURRENT_TIMESTAMP);
INSERT INTO lob_service.accounting_core_transaction VALUES ('ready111b38a283b41eab57add98278561ab51d23a16f3e3baf3daa461b84ab4', 'CardCharge', 'TESTreadytopublish723a4ab4a67636a7d6463d84f0c6f7adf61aba32c04890', '2023-07-04', '2023-07', 'CARDCHRG159', '75f95560c1d883ee7628993da5adf725a5d97a13929fd4f477be0faf5020ca94', 'Cardano Foundation', 'CH', 'CHE-184477354', 'ISO_4217:CHF', NULL, 'VALIDATED', true, true, 'NOT_DISPATCHED', 'FAIL', 'system', 'system', CURRENT_TIMESTAMP,CURRENT_TIMESTAMP);
INSERT INTO lob_service.accounting_core_transaction_batch_assoc VALUES ('TESTreadytopublish723a4ab4a67636a7d6463d84f0c6f7adf61aba32c04890', 'ready111b38a283b41eab57add98278561ab51d23a16f3e3baf3daa461b84ab4', 'system', 'system', '2024-06-13 14:09:12.050311', '2024-06-13 14:09:12.050311');

INSERT INTO lob_service.accounting_core_transaction_batch VALUES ('TESTpublished12345723a4ab4a67636a7d6463d84f0c6f7adf61aba32c04123', 'CREATED', 1, 0, 0, 0, 0, 0, 0, 1, 0, 0, NULL, NULL, NULL, '75f95560c1d883ee7628993da5adf725a5d97a13929fd4f477be0faf5020ca94', 1, '2010-01-01', '2024-05-01', NULL, '2021-06', '2024-06', 'system', 'system', CURRENT_TIMESTAMP,CURRENT_TIMESTAMP);
INSERT INTO lob_service.accounting_core_transaction VALUES ('published38a283b41eab57add98278561ab51d23a16f3e3baf3daa461b84ab4', 'CardCharge', 'TESTpublished12345723a4ab4a67636a7d6463d84f0c6f7adf61aba32c04123', '2023-07-04', '2023-07', 'CARDCHRG159', '75f95560c1d883ee7628993da5adf725a5d97a13929fd4f477be0faf5020ca94', 'Cardano Foundation', 'CH', 'CHE-184477354', 'ISO_4217:CHF', NULL, 'VALIDATED', true, true, 'NOT_DISPATCHED', 'FAIL', 'system', 'system', CURRENT_TIMESTAMP,CURRENT_TIMESTAMP);
INSERT INTO lob_service.accounting_core_transaction_batch_assoc VALUES ('TESTpublished12345723a4ab4a67636a7d6463d84f0c6f7adf61aba32c04123', 'published38a283b41eab57add98278561ab51d23a16f3e3baf3daa461b84ab4', 'system', 'system', '2024-06-13 14:09:12.050311', '2024-06-13 14:09:12.050311');