INSERT INTO organisation (organisation_id, name, tax_id_number, country_code, currency_id, accounting_period_days, pre_approve_transactions, pre_approve_transactions_dispatch, dummy_account, admin_email, created_by, updated_by, created_at, updated_at, logo) VALUES ('75f95560c1d883ee7628993da5adf725a5d97a13929fd4f477be0faf5020ca94', 'Cardano Foundation', 'CHE-184477354', 'CH', 'ISO_4217:CHF', 7305, 'false', 'false', '0000000000', 'lob@cardanofoundation.org', 'system',  'system', CURRENT_TIMESTAMP, CURRENT_TIMESTAMP,'data:image/jpeg;base64,/9j/2wBDAAQDAwQDAwQEAwQFBAQFBgoHBgYGBg0JCggKDw0QEA8NDw4RExgUERIXEg4PFRwVFxkZGxsbEBQdHx0aHxgaGxr/2wBDAQQFBQYFBgwHBwwaEQ8RGhoaGhoaGhoaGhoaGhoaGhoaGhoaGhoaGhoaGhoaGhoaGhoaGhoaGhoaGhoaGhoaGhr/wAARCAC/APwDASIAAhEBAxEB/8QAHQABAQACAwEBAQAAAAAAAAAAAAECBwUGCAkDBP/EAD8QAAECBAUCBgAEBAQDCQAAAAECEQADBAUGBxIhMUGBCBMiUWFxFDKRoRUjQvAJFrHBUnLxJSdTY3WSstHh/8QAGQEBAAMBAQAAAAAAAAAAAAAAAAECAwQF/8QAIxEAAwACAwACAwEBAQAAAAAAAAECAxESITETIkFRYQQyM//aAAwDAQACEQMRAD8A8Yd4d4d/uKkB2USB8CPYPBJtAl9+YOW+IQBW52LxkZyvKTKIGhJJG2+8YHfq/vFgPfSfUCz7O0WIYAEhgGAPv7w7wCizRYABjyW+hB3UXPXmJ8Q4+IApbpuPcxSkIcK3UwZtx3iRGAgB3h/bxeu3DwAKiQndt4Anwdj9w99n/wBoe8Za1hKkAkIU2oPy3EATo+7e8Tb3igkJI5H31iPAFDbuS/RhEG0U7KIBdvmJu7DkwAYQ2Hz3i7wgCd4d4RkopJBSnTsAXPXrAGP2Yd4yQkzFEI3IBJ3bYRiIAd4d4sIAIXoJLJVsQxDwWDKVpWCCwOxeJvAcbQA7wfeG8UEh2bcNAEBgdveKpRURqPAA4baG7wBNod4sIAneGzEk7jj5ixIAzmLClJ0JSkJSE7Dn5jD6MZIUpCwtBZQLgxIDzoHSw0u7bv7/ABEhywYReIAnf94qdJUAokJ6lnh98RlOUhSnlJKUtsCd4AxSogbFokP75gDADvDvB+kViP8ArAAEgEBWyuR7xIu8ACQouPSzuYAje7h+IoS6SpxsQGJ33iusoSVKdKfSnfjrE5gCd4O0V9mb94jb7htoAp9JLsf9IhS3BBbbaBj9VzUrkypSZSUqQ7rHKngH+D8m+QYbQH1F3cHgguIAkO8UuS53MTeAG3vCM9JWlS5aWQkB9/3iaFkApSog8FoEbMe8P3jMoIQ6gpJP5dtj7/7Rg36+8CR3ij4/1hEMAUjSSDsR8xO8ZaCE6g25Zgd/0ibwBNodeYAxYAneHeLBIf8AMdOxZ+p9oAj/ANvFIZn2cPzDkAMG5icf9YAdev6w7xY7ngWx4KvFnxnPx3iupw5crdaxPw/TSabzRcKr1vLUdJ2BCE6QUk+Zq1MgxVvitlpl09HS9ooD8OYiAtSR6Tq0uQN2942lkdiLK7Dt5vc7O3DFZiWgn2/y7emnR5olTXVrdGpPqUkpCVuNJSeNThT4rZMzyrW9GriEBtBUdg7hmPURNveIlt9KVISSdKVL1FIfYE9SAznrHccsbRg6+YypKHNHEVXhbDS5E5U2upZQWvzQn0IcpUEAl99J4A21ODelsiZ5VxTOnk8HYMG2irQpCtKwUqHQxnPRKRPnopJyqqmTNWmTPXL8szZYUQlZR/SSli3R26RgSSN9/n3ixHjJ+sNmAG3uTxCBcwIBYcb/ALbxksKSvSsuU7cvE553iAAcBoAfrDSWDux4LRYpUSEgkkJ2SH4gDHb6h3ixN4ArFiWJHvFKWQlWoHUTsDuG94hJIZz+sA+/zzAgnMO/7xYkCSrSErICwtI/qDtDvCIYAfrCKpCgxUkgKDpcciAYF2eAALFwrccGBLuSSTE36xPuAKS5Ll4ySgJ0KWXQTwkh9viMQWB4323gxHI/aAH6wP3DYN17Qf4gAQAHHeHIAG3+8UFi7CMeIAhmI1BHmJ1nfTq3/SM/RqR5ypiZOtPmmUHWEahqKQeSzt8xtKTm1Z5WQVVlorA1vVeJ1w/Ff5iK0eYP53mCYRp1+aE/yQQoDR3Bxyo8PmOs6Lfd7lgmmoE0NsmeSudXVRkpnT9IV5MtkqdYSpJL6UjUN94y5aT5dG3x7a49nZPEZackrTJwkcg7gmrqZ0mYq6CRVzp6DK0p8tc0zSSiaVP6AxZ9SR6YeHXw2VOfaL9VnEkrD1DZ1ypIIoxVTJ05aSoOgrTpQA277lwGYmP5PD74ebjnVjW9We7VU7D1uw4yb0oS0qqETitaBISlWwW8qY6iCE6eC4jbWa/hqxX4fxbr1kPjXECZN9rqayVdOqrTJn+bOUUSFmZLSlC0a1ad0hSCoEEuWxdqVwT7OlQ7fOp6/R5NxbYazCmIcRYfrFyJ1xs1fUUM2ZTl5S5kpZQSl92JGwO44O7xunPO2ZEUOAcGzskq2ZUYnmzEfxAfiJ0yYun8pXmKqULJTLm+aEME6eVMNLNveo/w9LarC6zKxvdJuMVSzMVPnS5ZoZk87kGXp83STsVayrfUx4jyxlXkLjfN+/Xyy4ap6GjqLCdF0nXKpVLk087WtAlOhK1KUTLWzJZk7kbPKua09+FXjqNpL01mVJSkqUrSBySeIiJiZidUtWtPuC8dwok12UuZtKMW4fkXCvwvd0KrrRVLHlTzLL6dbEMQQpKmI/KWI2j+7N/MKTmzmLc8U0Fgp8NSKxEpH4SVMEz8iWM2YpIAKlHkgcADchzuqbf8OZylLbfZ0Mt04h3jIB1MVAbkOeIxcmLmYgdixeHaEAO8IyDFTBTA9VRjzADvDvDct8bdovaAJDaHaG3UE7HgwBdt3JccRO8BFgCfvA/MC7e0ZFZIYn0u7Dh4AhIfYlhsN+kTb3iw7QAKSEpUdgp2LxH+YccCG7wBklBWS2wAck8ARhzyXit7O3R+sZlaR5mhKkknb1cDqPmBBg+8HBPPMGZoyCVFBUBsC3eBJi/3DUAlfPpKdRCSQlywc8BztvzDoffpHdMM5p4iwlgbF2DLOLcbNipKE16qijEycjSGPlrcAOkN6grTynSd4q9/gvKlv7dHXbRhy94iRXrw9ZLpeUW+T51aqgoplQKaXv65hQDpHpO59j7GNhZNZ35i5amow/lfPp6pWI6lCKehn0oqHrJmmWiZKBUAFkBI9TpOkONo5LJDxJ4iyKtmIbfYLRbbtJuy0z5aqxSkGnqAjQFnRutDAOhxuNiHL62wHjFeXuNsOYnlyU186y3CXXzKY+jzkpUdaXAIQ4UpizJJHtGVbpNUjaNS5cvv8ntnKnJvOXw6zr7jdZsuNxdKcz8QWKnrJqayoUFKmebKmql6Vz0mZMJSQAsFSQ6ikxp3PjxhXXNukslBgy2TcLW2218m6ConTkzqidUSjqk7AaUISr1EeokhPDMfVtJ4wcIYytiKXKagvOLcbVlOV0dgTbpklctbbKqJymkolpUQFLCyA+zx86se5VYzykmUdNmFh6qsX4lBVImzJkudJnEbqCZkpSkOOdLuARtHPjSdbs6srqZ+h7by68YeLc3lScK4Hy/pRjqbRqmTaypuTWylCQEqqVgJM3y9ak/y9z6gkKJ3jVl5wDnT4O03PHFlvtov9qvExEu9zhTrmJE5a1GXNnS1aSP5k1QStKuVsoMRGPhmw3mNkbfZ2YWJcvLzOwVcbSqnrZ8gyVVdPK1pWioFLr84pBT6hpB0kqY6QD2nxR+LPBOP8t6vBOWs6qv9RfFSvxVZ+BmyZdNJlzEzVBImJC1rJQkbJYAklQIAMaSrUrosm3G66Z5G8nFuaWLrjUyKO6YsxPcpkyuqxR0hmzV7jUvQgMlAdIADADSkdBHAqkT0VaqJUmoTV+cac05lKE3zArSZZQ2rU+2lnfaNjZI54XnJLFFbf7BRUF4TcaP8LVU9WpSQoataVpWndJCum4IJcOxHGUGbGJLZmtMzNozb5WJV3KfcCg0uqmCpqVIWjQS+nQspfVq66tW8de6TaS6ODUNJt9nSOdQ3BBIIIYgjlx0PxB45LEF9r8U3+7X29LlzLldaybWVSpcsS0mZMU6mSOB/e+5jjXKXY/EaLeuzJ630P75igEkBi5+YnaDfH7xJBWIPqDsYn7Q7QO54gB+sVQCT6VBY2LgRO0O37wAhsxG79C/EIsATvDvDiB6M5gBt7whCAALvx9xRuQHb74iqUpaipZBKt3iQBBuWBhxyWgGBBIBALsesVRBJKUhIJcAdPiAAJcMrjiIAC7npF39onaALyRpYE9B0ife8Noc9IAMx3h3gTyWi8EjqIA7FLy/xVOwRPxvLw/XKwjT1P4aZdCEiUleoJ4fUU6iE6wNIVs77Rvrwp+IfBeSVkxVb8aWOvm1lxqE1Mqvt9KieuolplhIplgqTp0kKUl/SfMW5S2+kZeaWMpOXk7L2Xfp/+TZ08zl27ykEOZnmFImNrCDM9RQCzv7l+oK4TpWjUpQHrOlKSVAAk+27k+0Y1LpNUdE0opOD1d4Nc2MGYSzSxucTIocJycVETLRMnTEop6JKZ02YaPzSwSCmahiWSfKbkpB3J4u87sv6WxYYsyaq34uuMjEdBc51DRTkVHk09PM1zCsglKStDywkkFQmFtgY8u+IPw11mQtBhuqrcTUmIE3lU2TNkik/DrlTUICjpBUrzJe7FRYg6XHq27H4TJmSNJJxanOqVZE3MhBoTepKVU5pdHr8lxpE3Vz/AFtp09YwqZf3R1RVJ/HXp7sneITK6VhI4p/zxZF2nyfOBTVpM9Wz6BIfzPM6eXp1Ps0eDPDPn/hDKDHGOLxiXD1ZKocRL12+bQSETZtvlidNmfh9JIZChMQ5SfzSkuCGKfP+J/4IjEV/qMKSFiwpr6lVq89J80UmtXkhRV6n0aed/feN1ZzeGusydy6wtiqbi2jvqL3USZNRSSKby0y5sySqalUmZqV5ssBJBUQH2LbsJWOZ6b9KvJddyvDXWMrkMz80rzXYNw/MoziS7qNutUlI8wqmEBIYHSFrIK1MdIKlbsHji8X4PxBgO/1dhxrbJ1nvFOlBm081SF+lQdKkrQSlSSOqSRsRyDHH2e71+H7tQXex1c2gudvqEVNJUS21SpqS6VMQQfkEEEODsY5HGeNcQ5h4hqMQY1ucy73ioQiWueqWiUAhAZKUoQAlIG+wG5JJ3JjoSaaS8ORuaTb9OB+4d2gYvaNDIjPsNz8RSGbpAOSyefgxiHbaAL+sNvf94oJBcOD7vE/vmAG3vDb3hF3gCHZt3+orJKS5L7MG5hp2JBG233BgR/rvAE7xTp+X6sYjHSDtvFKVMCUncOIAmxHt7CH7RS4ALc9YnGwIPzADZj79Ibe8X47wgCbe8P75i/3zEgA8D6SxBB+Yq1ai5AHTYNFSvS5KUrJ6q3aAMeDDb3i8uYdoAh4iq0v6CSD7hoHb9If3zAAs/pJaO54CwBQY4t+MKm44wsuFzYbUa6RIuX5rir1fypfqDflAJGoutACS+3TOjv2jHQmYpOtIIBcEpfT8iK0m1pFpal7fZ+8+vq7jLpDcKqrqhTyBJpxUz1zfJljiWjUTpSPYMI77lLkni3OutvFLgaXQPaKZE+qmV1SZKCVlQly0slRK1aFs4CRp3IcRr0gBZCDqDsC3MchZr9ecPTqipw3eLlZZ8+Qaeom2+rmU6pkpR3lrKCHSSBsfaIaevqWlzy3RxzEOmYgpWCUqSrdlAsR2Mdyy5wxJzJxdZML4ixlT4VtaZM/yK66zVTZFIAnV5ctC5iUJKiONSRseSwPTEICEpTLAYbACCkhQKVpCh1Cg4/SJa2v6RNKX/D+isp0UddWUsuqkV8unnzJKKmnJMqelKykTEOx0qA1B92Ij8HHx9wG3Ag8Sir7Z+qp5VJRK9ISgkggbx+XeK/xDtElUkvCbe8IvaDhiCkEkbOeIEkP3Dv8AUOkDtzzADp1i8gfJ5eJFVudjqA4PEAR/mKlGokBSUsCfUWhE7QAht7w6RZgdX8t9LdW5gCbe/wC8VBCSdQCgx2J/eBSpBAWCCQ4f2hAEH6w9uNourYaQx4J5iDg8u8AHDgvBI7bdYyTMVLVqSxLEbh+kbdyl8MuYWcdCLph2ipbVYFKKZd1usxUqVPILK8pKUqXMA3GoAJcEanBatUp9LxFW9JGoe8Q7Bo9X37wA5hW+hM+xYgw7eqhKSTSq82lUv4QpQUkn/m0j5jzJiPDV5wfe6qyYrtdVZrxSKadS1SNKh7KB4Uks4UklJG4MVnJN+MteK47aOL7w7x3PKzK+/Zw4ykYWwmqlk1i6abVTqirKhJp5UsB1r0gqYqUhIYcqEd1zi8MGNMkcO0V/xPXWa522prU0alWxc5SpK1JUpJWFoHpOgh/fSOsS7lPWyFjpzyS6NMbkvuT9Q2OrcBhsG5iFYTLPp3S5Kg7ke0ekcIeCTH+N8J2LEloxBhaTQ3mgk10iXUTKgTEImoCglWmWQ4BYseYVcx6Ix1fh5vUonSD/AEhhtDjcOC2xEepKrwBZoyJKpki94Qq1pBIlJqqmWVfAJks/2wjzri3B1/wDiCow/jO1T7PeKcJUuROYhSDwtC0ulaCxZSSRseoIiJyTXjJrFcLbRwg+4rn3+9+Y9AZa+D/HGauB7RjDDt7w3SW26pmKkSa2ZUCcgImKlkK0yyOUHgx2ao8AWZsmRMXKvmEaqYA6ZSaqpQVfAJkkP9t9xHyx+y3wZH3o8r8HnjrGW3v+8dlx3l7irLK+fwbHtmqLPXqTrleYQuVPQP6pcxJKVjcOxcHYgHaOtH36RommtoxcuXpkh9PHofL7wY5hZjYMs2Krfc8P2mhu8nz6enuKp6Z4lFRCFkJllLKSAtLH8qkxo3E2Hbhg/El5w5fZSZVytNbMpKkJfSVILakkgEpUGUC24Iiquaeky9Y7hbaOK7w2947zlLlXd848YDDGG6ygoK78FNq/Mr1LEspQUApdCVF/WOnQxy2cuQeL8jKq1y8XmhrqK6IV+GuFuUtcjzU/mkq1pSUrZlBwygSxJSoBznfHfY+OnPLXRrDjrA9Y2ZkxkbiHPO4XihwncbTbptqkSp043JU0BaZilJGnQlXGgu/uI63mLgS45Y44vOEb7U0dZcLUuUmdOoyoyl+ZJRNGnUArYTAC45BgrlvX5Dx0p5M6ufuKksCBvqDRtjKXw4ZgZz0v8QwrQ01vsWpSRd7pMVJp5ikllCUEpUuYxBDpGkEEFQMbcun+H5j2mojNtOKMN3GqSHMiYifThW3CVsrf2cAfIirywnpsssGSlvR5NmaRMUEBSQOiuYw7xzmMMG4hy/xDUWDGtpqLNd5KQtUmexExBJAmIWCUrQSCNSSQ4I5BjhO0aJpraMnLnpk7w267xS53frB4kgkUN1D94ylylTSoIBUoB2Ht1MYagwYfvAIEuz8ARXDEMN/2h2hAEHzvBw/tD++YoUoJKf6TyPeAO5ZSYKlZjZo4SwpWajRXW5IRWBKilSqZAMycARwShCgD8x9EfFRnHV5D5b2mkwHT0lFeLpOFvth8hPk0EiXLdUxMptJKAEJSgjT6gSCE6T858scZnLjMfC2K1IXMk2e4y59SiWHUqnLonBPz5a1N8x9KPEFlFR+JLLK1TMIXaiTX08xNysdepRVTz0LQQUKUkEhC0qBcAkFKfkHizf8Aa5eHoYP/ADfH08RYC8X2aWDsQyq+8X+fi21rmBVZbbloAmJPPlzEp1SlAOzOl2dJEa1zKzJv2bOL6/EuLJ/mVVUdEinSp5VJIBOiTLB4SHP/ADKKlHckxvHBPgYzLv1/lysbigwrZpcwGoqk1qKudNQOklCHDn3WQA7sWY64xH4e8S2HO6gyonzpVVXXWqliirqchQmUKyompUgF0FEuXMUpB3BQW1JKVHWaxKtz6ZVOapSo9ZeBjAVNgzLK95j4jCKRd8K1yp80N5Ntp9XrLh0hSxMUfdKUH2jYmH75bPF/4crsmbJk26deUVVGuTqKxRVUqYVSFKPJIaRNIHRTR3DMCVlxhvL2nwJjfEFBhPDlfb/4ZSyp11TRLmU0pKEqloWSCQE6Uq+FMeY6rkXTZK4Bq6vDmUGM7XX1N6mid/DpeIU1q1zJctRUqWjUSDoDqI5CA+yY4m+W6O9LilKPlfV0tVQT6qiudOqkrqSZMp6qQsMqXNQopWkj3CgRH1QwjcquzeDi3XG11MyjrqLLv8RTT5X55UxFCVJWnY7ggEfUeP8Axv5aDBObP+YbfIEu1YvkKq/SAEprZYCZ6WH/ABAy5jnkqX7R7WyoxDKwl4YMKYgqpMypkWjBUiumSZRAXMTKpAspS+zkJYPtG2WucyznwxwqkeLvDbn9m9iXNzClqTiK6YqoKyoQi60dVLE2XLpCP5k4q0Ao0PqCnDkBJcEg7P8A8ROjoRLy5rNCE3NU+ukBQAClyAiWog9SEq0t7aj7xvrIfxL4bz6nXelslDXWe422XKnqpa5UsqmyVuPMRoJcBQZXtqT7x4X8X9ZjWfnjc6bMOZJVJpZaRYEUyCin/hylkoWkFyVlQImEknWkgHSECEfbIutFsn1xP8ntPwkLVK8LWDlyVFC00dcUqHIIqp7GPC+FfFznBYKyjuc/Fs++SZYCp9BcJEpcqoQNygkICkk/8SSD2j3T4RpS5/hbwbLkp1zF0dalIdnJqp4AjxdhfwR5x3ato7de7JR4aoVgJqLjU3ORPTJR1IlyVqUpTOw2BLOoDeIjhuuRORXqeB7Pz4sdnzx8M9biCVTFEwWFOJLPMWkGbTzEyPPCPtSNUtQ49R6gGPm/lbgSozWzAwzhKjUtCLvUpTUTEcyaVI1zlh9nEtKmfkkCPor4jcV2PI3w6TsK0M8GqrrN/lux0sxbzpqfJElU0tu0uWSpSmbUUgsVB9Wf4fmWX4egv2YtwlMqr/7ItBUG/kSyDPmDoQpYQgEf+Er3hFcYbIuVeST0LjPNqyZX49ywwAiRS09PiWbNo0JCtP4OVLlBFOEpH/HNMuWl9ufaPJfj7y2/gmMrLj63ySmkv8sW+5LA2FXJT/KUo+65QKQP/IjdOYto8OOZeL04nxdmLaV3ymlypEibIxeiR+HEpRUkSwlfpZZKtupJjZObOFrN4hMlL3b8K3KhvEuukKn2eupZ6Jsr8ZJWSjTMDgDWgoUegUoRnL4UmaXPOWjxD4Fj/wB/0v8A9BrP/nJj39mLhTCmb9iv2AMRTJc+aaWVPmy5ZafRlZX5FSj2IVLWx4OlSS4JB8AeBPUc/JfmoVKmCxVoXLUGKVBcoFJB6guI2J4qczr3lD4qMM4qw3/NmU2FaaXV0il6UVlMqrqNclR3Z2BBYspKSxaNMidZOjLC1OL7HO+DbLy+ZV5v5n4WxXJ0V1HQUflzkhpdXJM2bonyz1Sof+0uksUkRprPHCiMd+NK6YYqVql015vlrpKhSCykyVUdOZhSffQFN8mPohgXEmGcxrLbMdYVTIqUXGi8qXVmWkT0S9TqkLI3BQsEFLkBQLe5+dOfeKlYF8ZN5xQiUuoFlvVrrZkmWwVNlopKfzEB+pQVAfcRDdU3+S2RKZS/B7J8Sma6vD3lPb0YGoaSmuNVOl2izSvKHk0UtMskzBL2BCEIZKeNRS4IBB8SYJ8XmaOD8R095v8AiOqxTaFTwq4W6tRLKJ0p/X5RSkGUoAkpb0uA4IcR7hz0y0t3icyjt68F3mkM8TJd1sVeSTImq0KSUTGBUEqStQO2pKgHGxSfHWBvBBmbiDE9PQ46tcnC+HUzAa2t/iMioXMlA+pElEtSjqUOCoJABJLkMZx8OD5ekZFl5rj4eo/Grgm2Y0yMq8TyZaJlyw35dwt1SEsTJWtCZqCTvpUhWpvdCPaPmYoaVEE8FtjH0m8buYtqwhk/NwVTTUi84l8qmp6WWfVJpJa0qmTVDolkCWH5K9n0qb5sqIUslCdLnYO/aNv8++LOf/VrkiF+uzQihSg49+R8w7R1HGAoocpLOCC3sYAe37QgNuIAkACdhv8AUAotpf0u7fMXYB/UFg7NxAEg/wAw46QgCg6SCncjfcPGzcrfEBj/ACbk/hcGXqUu0LWZirTXyfxFMFOXKQ4VLckk6FJB5IJjWQBUdg5Z4jxVyqWmWmqh7lnpC/eOfNy90C6SjOHMPLXsaq2W5apzfHnTJiR96XjVOXubmJctsa1eNLUqkvGJKunmSZlbe5a6xbrKSqYFa0q8whATqc+kqHBjorDbr/tFJJZ+nG8VWOF1o0ea297O95r5w4ozovVvumN5lEZtBSmmppNHIVKkoSValK0qUr1HYEvwlI6R1jC+I7hgvEtpxDh6ainulpq0VVNMKHSVJ/pUAQSkglJDhwTHFdoDfmLKUlrRR3TfLfZt3NbxI4zzmw9T2TG1LYDS01YmrkTaKhmSp0tYSpJCVGYoaSFkEEF9vaOSpfFfmFSZcowFJl2D+AIspso1UCzO/D+UZTlXmtr0nlmfdo0gfqKQH9J1D9Ir8ca1ot8173s7NlzmBfcqsVUGJcHVMqTcqOUuRpqElcmdKWllS5iARqTweQxSDyI7Vmxn9irOmktcjG9HYDMtc5U2lqqKhXJnpCksqXqMxQ0HYkNylJfaNXD7i9onhLe9dkLJSnjvo3hl94s8xMssHWvCeGU2D+FWtK0yDU2+ZMmkLmKmHUoTQDus8AbRzdf44s4K2nVKp62w21ZDCdTWnUtPyPMWpP6gx5zJOln9Lu0BFfij9Fvmyfs5fFGKr7ja9Tr1jC8Vl7u05OlVVVTdSkpckIQPyoSCSQlIAD8RtqxeLTMTDGA6XBmHEYetdopLcaCRMpretM+WkpKTNC/NbzSSVlTbqJLRo+HaLOJa00VWS09pn5okoloShKUsgADaNw5VeJbHuTmHJ+H8HzbVNtc2sXVhFwpFzlSlqACggiYlknS7e5J6mNRy0pWWWsSwA7kO8YsQ4PIialUtMiclS9p9mxsLZ2Ymwbmbd8w8P0tmp77dfxJqJJpFqpUmepKllCNepPqSD+Y7k+8fwZqZq4hzhxJS4ixl+AFxk0KKFKaGnVJl+Uha1gkFSnU8xW7+0dIbeLywU7ew6RCiU96JeSmuLfRs3KXP7G+Ssi6UuCauiXQXJaZs6kuEhU6UicA3moSFp0qUkBKj/UAl9wCOp49xvdcycY3bFeJPwout0XLVUCklGVKGiUiUnSkkkemWnkndzHXXY/EXUWbZnfiCiU96DumuLfRsXLDPXHuTxmS8E3zyrbNmeZNtdZKFRSLV1UEEgy1HZygpJYO7RtS4eO/Nq40M+RS02E7RMKdqqkts5c1HykTZykP9pMeZSNOxDGHPzEPFDe2iyzXK0mclf8QXfFl6q71ie51d4u1YrVUVVVM1rW3A9kpA2CQwA2AEcb05gWHH+sC39JfbfaLrrpGTbfbK2zgFuCYneK7Bun3GPTeJIL3h3h9Re0ASKFFIUEqbUGP1E44EVLP63A+A8AO8H+YROvx+sACd/S/eHI4EGYlt24MO0AO8Pj56w3/sxeSElg2xU0AFDSohwpuoO0OeHOzn4icgPu0P2gCu/wCnSJ9w6bxSXZkhOwBb/WABBDO+4cbxON+kUMpQZOzjZ4jupwGHT4gA4MOIrklzz9xP75gCkEHciJ3hwRttFf24gCAneJ+8ZP8Ap1iHb/8AIAdOkO8UEgvApKWcEOHD9RAE7wO78dosO0AR/cw5Ii8nYNvGPPWAL13OzttFLOWJIBYP7RARu6QdjzD6gA/zF23Z/iKyggkbodifmICx3bvAEhtDcHcH6h2gB3h3MUAqIAG5idd/aADRQQAXA3HXpEHLRUpUt9PQEn6gCP8AMO8HikMSPaAP0pqWbWTkyqdOtZG27RgpCkTChbJUFaT9wQtctWqWooV7gxDuXLl94Earf8CklJUlQYg7iJ3i7vvz9w7QJD8Mw9yDzE7wEHgAfuH6xQd3IeCSUl07H3BgCfMHcuAweDEAq4BLPAHo7AwAf5h3h/8AUXff45gCd4veIDF7QAIDAuN+kTu8ICAEInPSL2gC94h+4vaJ8niAGzDffrF7xA8XtAFKlTCNSnYMH9oxBDh3IfcAw7Q4ERoFJckvzE7w3gHbh4kH/9k=');

-- Start
-- Invalid

INSERT INTO lob_service.accounting_core_transaction_batch VALUES ('TEST_Invalid_88116d14723a4ab4a67636a7d6463d84f0c6f7adf61aba32c04', 'FINISHED', 1, 1, 1, 0, 0, 0, 0, 0, 1, 0, NULL, NULL, NULL, '75f95560c1d883ee7628993da5adf725a5d97a13929fd4f477be0faf5020ca94', 1, '2010-01-01', '2024-05-01', NULL, '2021-06-01', '2024-06-01', 'system', 'system', '2024-01-15 18:25:00.060749','2024-01-15 18:25:00.060749');
INSERT INTO lob_service.accounting_core_transaction VALUES ('Invalid_b38a283b41eab57add98278561ab51d23a16f3e3baf3daa461b84ab4', 'CardCharge', 'TEST_Invalid_88116d14723a4ab4a67636a7d6463d84f0c6f7adf61aba32c04', '2023-07-04', '2023-07', 'CARDCHRG159', '75f95560c1d883ee7628993da5adf725a5d97a13929fd4f477be0faf5020ca94', 'Cardano Foundation', 'CH', 'CHE-184477354', 'ISO_4217:CHF', NULL, NULL, NULL, NULL, 'FAILED', false, false, 'NOT_DISPATCHED', 'NOK', 'system', 'system', CURRENT_TIMESTAMP,CURRENT_TIMESTAMP);
INSERT INTO lob_service.accounting_core_transaction_batch_assoc VALUES ('TEST_Invalid_88116d14723a4ab4a67636a7d6463d84f0c6f7adf61aba32c04', 'Invalid_b38a283b41eab57add98278561ab51d23a16f3e3baf3daa461b84ab4', 'system', 'system', '2024-06-13 14:09:12.050311', '2024-06-13 14:09:12.050311');

INSERT INTO lob_service.accounting_core_transaction_item VALUES ('item_3e212e7639134ea08a39d1b7e3da27fe65ac0da6897f606c15dbaebfc13', 'Invalid_b38a283b41eab57add98278561ab51d23a16f3e3baf3daa461b84ab4', 1.00, NULL, '1206320100', '1600', 'Other Current Assets : 120632 VAT Input Tax - Cost of Materials', '2102110100', '3100', NULL, '16003100', 'Credit Purchase - VAT Incurred', 11.17, 11.17, NULL, NULL, NULL, NULL, NULL, NULL, NULL, NULL, NULL, NULL, NULL, NULL, NULL, NULL, 'Testing User', 'Testing User', CURRENT_TIMESTAMP,CURRENT_TIMESTAMP);
INSERT INTO lob_service.accounting_core_transaction_item VALUES ('item_3e212e7639134ea08a39d1b7e3da27fe65ac0da68972606c15dbaebfc13', 'Invalid_b38a283b41eab57add98278561ab51d23a16f3e3baf3daa461b84ab4', 1.00, NULL, '6317110100', '7800', 'Total Other operating Expenses : IT Expenses : IT Subscriptions', '2102110100', '3100', NULL, '78003100', 'Payable - IT expenses', 145.00, 145.00, NULL, NULL, NULL, NULL, NULL, NULL, NULL, NULL, NULL, NULL, NULL, NULL, NULL, NULL, 'Testing User', 'Testing User', CURRENT_TIMESTAMP,CURRENT_TIMESTAMP);
INSERT INTO lob_service.accounting_core_transaction_item VALUES ('item_3e212e7639134ea08a39d1b7e3da27fe65ac0dk39972606c15dbaebfc13', 'Invalid_b38a283b41eab57add98278561ab51d23a16f3e3baf3daa461b84ab4', 1.00, NULL, '0000000000', 'T0000', 'Total Other operating Expenses : IT Expenses : IT Subscriptions', '2102110100', '3100', NULL, '78003100', 'Payable - IT expenses', -156.17, -156.17, NULL, NULL, NULL, NULL, NULL, NULL, NULL, NULL, NULL, NULL, NULL, NULL, NULL, NULL, 'Testing User', 'Testing User', CURRENT_TIMESTAMP,CURRENT_TIMESTAMP);

INSERT INTO lob_service.accounting_core_transaction_violation VALUES ('Invalid_b38a283b41eab57add98278561ab51d23a16f3e3baf3daa461b84ab4', 'item_3e212e7639134ea08a39d1b7e3da27fe65ac0da68972606c15dbaebfc13', 'DOCUMENT_MUST_BE_PRESENT', 'ERROR', '', 'ERP', 'DocumentMustBePresentTaskItem', '{"transactionNumber": "CARDCHRG159"}');
INSERT INTO lob_service.accounting_core_transaction_violation VALUES ('Invalid_b38a283b41eab57add98278561ab51d23a16f3e3baf3daa461b84ab4', 'item_3e212e7639134ea08a39d1b7e3da27fe65ac0da6897f606c15dbaebfc13', 'DOCUMENT_MUST_BE_PRESENT', 'ERROR', '', 'ERP', 'DocumentMustBePresentTaskItem', '{"transactionNumber": "CARDCHRG159"}');
INSERT INTO lob_service.accounting_core_transaction_violation VALUES ('Invalid_b38a283b41eab57add98278561ab51d23a16f3e3baf3daa461b84ab4', 'item_3e212e7639134ea08a39d1b7e3da27fe65ac0dk39972606c15dbaebfc13', 'DOCUMENT_MUST_BE_PRESENT', 'ERROR', '', 'ERP', 'DocumentMustBePresentTaskItem', '{"transactionNumber": "CARDCHRG159"}');

INSERT INTO lob_service.accounting_core_transaction_filtering_params_transaction_number VALUES ('TEST_Invalid_88116d14723a4ab4a67636a7d6463d84f0c6f7adf61aba32c04', 'CARDCH565');
INSERT INTO lob_service.accounting_core_transaction_filtering_params_transaction_number VALUES ('TEST_Invalid_88116d14723a4ab4a67636a7d6463d84f0c6f7adf61aba32c04', 'CARDHY777');
INSERT INTO lob_service.accounting_core_transaction_filtering_params_transaction_number VALUES ('TEST_Invalid_88116d14723a4ab4a67636a7d6463d84f0c6f7adf61aba32c04', 'CARDCHRG159');
INSERT INTO lob_service.accounting_core_transaction_filtering_params_transaction_number VALUES ('TEST_Invalid_88116d14723a4ab4a67636a7d6463d84f0c6f7adf61aba32c04', 'VENDBIL119');

-- PENDING

INSERT INTO lob_service.accounting_core_transaction_batch VALUES ('TEST_Pending_88116d14723a4ab4a67636a7d6463d84f0c6f7adf61aba32c04', 'FINISHED', 1, 1, 1, 0, 0, 0, 0, 0, 0, 1, NULL, NULL, NULL, '75f95560c1d883ee7628993da5adf725a5d97a13929fd4f477be0faf5020ca94', 1, '2010-01-01', '2024-05-01', NULL, '2021-06-01', '2024-06-01', 'system', 'system', '2024-02-15 18:25:00.060749','2024-02-15 18:25:00.060749');
INSERT INTO lob_service.accounting_core_transaction VALUES ('Pending_1_b38a283b41b57add98278561ab51d23a16f3e3baf3daa461b84ab4', 'CardCharge', 'TEST_Pending_88116d14723a4ab4a67636a7d6463d84f0c6f7adf61aba32c04', '2023-07-04', '2023-07', 'CARDCHRG159', '75f95560c1d883ee7628993da5adf725a5d97a13929fd4f477be0faf5020ca94', 'Cardano Foundation', 'CH', 'CHE-184477354', 'ISO_4217:CHF', NULL, NULL, NULL, NULL, 'FAILED', false, false, 'NOT_DISPATCHED', 'NOK', 'system', 'system', CURRENT_TIMESTAMP,CURRENT_TIMESTAMP);
INSERT INTO lob_service.accounting_core_transaction_batch_assoc VALUES ('TEST_Pending_88116d14723a4ab4a67636a7d6463d84f0c6f7adf61aba32c04', 'Pending_1_b38a283b41b57add98278561ab51d23a16f3e3baf3daa461b84ab4', 'system', 'system', '2024-06-13 14:09:12.050311', '2024-06-13 14:09:12.050311');

INSERT INTO lob_service.accounting_core_transaction_item VALUES ('item_3e212e7639134ea08a39d1b7e3da27fe65ac0da6897f606c15dbaebfc1a', 'Pending_1_b38a283b41b57add98278561ab51d23a16f3e3baf3daa461b84ab4',  0.85320897, NULL, '0000000000', 'T0000', 'Dummy Account', '2406210100', '3900', 'Equity : Total Retained Earnings : Opening Balance', 'T00003900', 'Transit clearing from Other Liabilities', 790.60, 674.55, 'JE-0058', 'ADA', 'ISO_24165:ADA:HWGL1C2CK', NULL, NULL, NULL, NULL, NULL, NULL, NULL, NULL, NULL, NULL, NULL, 'system', 'system', '2024-08-21 15:16:42.803421', '2024-08-21 15:16:42.803421');
INSERT INTO lob_service.accounting_core_transaction_item VALUES ('item_3e212e7639134ea08a39d1b7e3da27fe65ac0da6897f606c15dbaebfc1b', 'Pending_1_b38a283b41b57add98278561ab51d23a16f3e3baf3daa461b84ab4',  0.85320897, NULL, '1203188540', 'W100', 'Inventory : Wallets Yoroi : Yoroi Software Wallet (Staking Ops) 08', '0000000000', 'T0000', 'Dummy Account', 'W100T0000', 'Crypto Wallets to transit clearing', -790.60, -674.55, 'JE-0058', 'ADA', 'ISO_24165:ADA:HWGL1C2CK', NULL, NULL, NULL, NULL, NULL, NULL, NULL, NULL, NULL, NULL, NULL, 'system', 'system', '2024-08-21 15:16:42.804005', '2024-08-21 15:16:42.804005');

INSERT INTO lob_service.accounting_core_transaction_violation VALUES ('Pending_1_b38a283b41b57add98278561ab51d23a16f3e3baf3daa461b84ab4', 'item_3e212e7639134ea08a39d1b7e3da27fe65ac0da6897f606c15dbaebfc1b', 'DOCUMENT_MUST_BE_PRESENT', 'ERROR', '', 'LOB', 'DocumentMustBePresentTaskItem', '{"transactionNumber": "CARDCHRG159"}');
INSERT INTO lob_service.accounting_core_transaction_violation VALUES ('Pending_1_b38a283b41b57add98278561ab51d23a16f3e3baf3daa461b84ab4', 'item_3e212e7639134ea08a39d1b7e3da27fe65ac0da6897f606c15dbaebfc1a', 'DOCUMENT_MUST_BE_PRESENT', 'ERROR', '', 'LOB', 'DocumentMustBePresentTaskItem', '{"transactionNumber": "CARDCHRG159"}');

-- APPROVE
INSERT INTO lob_service.accounting_core_transaction_batch VALUES ('TEST_ReadyToApprove_b6dd2d9e814b96436029a8ca22440f65c64ef236459e', 'CREATED', 3, 3, 0, 0, 0, 0, 0, 0, 0, 0, NULL, NULL, NULL, '75f95560c1d883ee7628993da5adf725a5d97a13929fd4f477be0faf5020ca94', 1, '2010-01-01', '2024-05-01', NULL, '2021-06-01', '2024-06-01', 'system', 'system', '2024-08-16 18:25:00.060749','2024-08-16 18:25:00.060749');

INSERT INTO lob_service.accounting_core_transaction VALUES ('ReadyToApprove_1_8a283b41eab57add98278561ab51d23f3f3daa461b84ab4', 'CardCharge', 'TEST_ReadyToApprove_b6dd2d9e814b96436029a8ca22440f65c64ef236459e', '2023-07-04', '2023-07', 'CARDCHRG159a', '75f95560c1d883ee7628993da5adf725a5d97a13929fd4f477be0faf5020ca94', 'Cardano Foundation', 'CH', 'CHE-184477354', 'ISO_4217:CHF', NULL, NULL, NULL, NULL, 'VALIDATED', false, false, 'NOT_DISPATCHED', 'NOK', 'system', 'system', CURRENT_TIMESTAMP,CURRENT_TIMESTAMP);
INSERT INTO lob_service.accounting_core_transaction_item VALUES ('item_3e212e7639134ea08a39d1b7e3da27fe65ac0da6897f606c15dbaebfc1c', 'ReadyToApprove_1_8a283b41eab57add98278561ab51d23f3f3daa461b84ab4', 0.85320897, NULL, '0000000000', 'T0000', 'Dummy Account', '2406210100', '3900', 'Equity : Total Retained Earnings : Opening Balance', 'T00003900', 'Transit clearing from Other Liabilities', 790.60, 674.55, 'JE-0058', 'ADA', 'ISO_24165:ADA:HWGL1C2CK', NULL, NULL, NULL, NULL, NULL, NULL, NULL, NULL, NULL, NULL, NULL, 'system', 'system', '2024-08-21 15:16:42.803421', '2024-08-21 15:16:42.803421');
INSERT INTO lob_service.accounting_core_transaction_item VALUES ('item_3e212e7639134ea08a39d1b7e3da27fe65ac0da6897f606c15dbaebfc1d', 'ReadyToApprove_1_8a283b41eab57add98278561ab51d23f3f3daa461b84ab4', 0.85320897, NULL, '1203188540', 'W100', 'Inventory : Wallets Yoroi : Yoroi Software Wallet (Staking Ops) 08', '0000000000', 'T0000', 'Dummy Account', 'W100T0000', 'Crypto Wallets to transit clearing', -790.60, -674.55, 'JE-0058', 'ADA', 'ISO_24165:ADA:HWGL1C2CK', NULL, NULL, NULL, NULL, NULL, NULL, NULL, NULL, NULL, NULL, NULL, 'system', 'system', '2024-08-21 15:16:42.804005', '2024-08-21 15:16:42.804005');

INSERT INTO lob_service.accounting_core_transaction VALUES ('ReadyToApprove_2_8a283b41eab57add98278561ab51d23f3f3daa461b84ab4', 'CardCharge', 'TEST_ReadyToApprove_b6dd2d9e814b96436029a8ca22440f65c64ef236459e', '2023-07-04', '2023-07', 'CARDCHRG159b', '75f95560c1d883ee7628993da5adf725a5d97a13929fd4f477be0faf5020ca94', 'Cardano Foundation', 'CH', 'CHE-184477354', 'ISO_4217:CHF', NULL, NULL, NULL, NULL, 'VALIDATED', false, false, 'NOT_DISPATCHED', 'NOK', 'system', 'system', CURRENT_TIMESTAMP,CURRENT_TIMESTAMP);
INSERT INTO lob_service.accounting_core_transaction_item VALUES ('item_3e212e7639134ea08a39d1b7e3da27fe65ac0da6897f606c15dbaebfc1e', 'ReadyToApprove_2_8a283b41eab57add98278561ab51d23f3f3daa461b84ab4', 1, NULL, '0000000000', 'T0000', 'Dummy Account', '2406210100', '3900', 'Equity : Total Retained Earnings : Opening Balance', 'T00003900', 'Transit clearing from Other Liabilities', 100.00,100.00, 'JE-0058', 'ADA', 'ISO_24165:ADA:HWGL1C2CK', NULL, NULL, NULL, NULL, NULL, NULL, NULL, NULL, NULL, NULL, NULL, 'system', 'system', '2024-08-21 15:16:42.803421', '2024-08-21 15:16:42.803421');
INSERT INTO lob_service.accounting_core_transaction_item VALUES ('item_3e212e7639134ea08a39d1b7e3da27fe65ac0da6897f606c15dbaebfc1f', 'ReadyToApprove_2_8a283b41eab57add98278561ab51d23f3f3daa461b84ab4', 1, NULL, '0000000000', 'T0000', 'Inventory : Wallets Yoroi : Yoroi Software Wallet (Staking Ops) 08', '0000000000', 'T0000', 'Dummy Account', 'W100T0000', 'Crypto Wallets to transit clearing', 100.00,100.00, 'JE-0058', 'ADA', 'ISO_24165:ADA:HWGL1C2CK', NULL, NULL, NULL, NULL, NULL, NULL, NULL, NULL, NULL, NULL, NULL, 'system', 'system', '2024-08-21 15:16:42.804005', '2024-08-21 15:16:42.804005');
INSERT INTO lob_service.accounting_core_transaction_item VALUES ('item_3e212e7639134ea08a39d1b7e3da27fe65ac0da6897f606c15dbaebfs1g', 'ReadyToApprove_2_8a283b41eab57add98278561ab51d23f3f3daa461b84ab4', 1, NULL, '1203188540', 'W100', 'Inventory : Wallets Yoroi : Yoroi Software Wallet (Staking Ops) 08', '0000000000', 'T0000', 'Dummy Account', 'W100T0000', 'Crypto Wallets to transit clearing', -200.00,-200.00, 'JE-0058', 'ADA', 'ISO_24165:ADA:HWGL1C2CK', NULL, NULL, NULL, NULL, NULL, NULL, NULL, NULL, NULL, NULL, NULL, 'system', 'system', '2024-08-21 15:16:42.804005', '2024-08-21 15:16:42.804005');

INSERT INTO lob_service.accounting_core_transaction VALUES ('ReadyToApprove_3_8a283b41eab57add98278561ab51d23f3f3daa461b84ab4', 'CardCharge', 'TEST_ReadyToApprove_b6dd2d9e814b96436029a8ca22440f65c64ef236459e', '2023-07-04', '2023-07', 'CARDCHRG159c', '75f95560c1d883ee7628993da5adf725a5d97a13929fd4f477be0faf5020ca94', 'Cardano Foundation', 'CH', 'CHE-184477354', 'ISO_4217:CHF', NULL, NULL, NULL, NULL, 'VALIDATED', false, false, 'NOT_DISPATCHED', 'NOK', 'system', 'system', CURRENT_TIMESTAMP,CURRENT_TIMESTAMP);
INSERT INTO lob_service.accounting_core_transaction_item VALUES ('item_3e212e7639134ea08a39d1b7e3da27fe65ac0da6897f606c15dbaebfc1g', 'ReadyToApprove_3_8a283b41eab57add98278561ab51d23f3f3daa461b84ab4', 0.85320897, NULL, '0000000000', 'T0000', 'Dummy Account', '2406210100', '3900', 'Equity : Total Retained Earnings : Opening Balance', 'T00003900', 'Transit clearing from Other Liabilities', 790.60, 674.55, 'JE-0058', 'ADA', 'ISO_24165:ADA:HWGL1C2CK', NULL, NULL, NULL, NULL, NULL, NULL, NULL, NULL, NULL, NULL, NULL, 'system', 'system', '2024-08-21 15:16:42.803421', '2024-08-21 15:16:42.803421');
INSERT INTO lob_service.accounting_core_transaction_item VALUES ('item_3e212e7639134ea08a39d1b7e3da27fe65ac0da6897f606c15dbaebfc1h', 'ReadyToApprove_3_8a283b41eab57add98278561ab51d23f3f3daa461b84ab4', 0.85320897, NULL, '0000000000', 'W100', 'Inventory : Wallets Yoroi : Yoroi Software Wallet (Staking Ops) 08', '0000000000', 'T0000', 'Dummy Account', 'W100T0000', 'Crypto Wallets to transit clearing', 790.60, 674.55, 'JE-0058', 'ADA', 'ISO_24165:ADA:HWGL1C2CK', NULL, NULL, NULL, NULL, NULL, NULL, NULL, NULL, NULL, NULL, NULL, 'system', 'system', '2024-08-21 15:16:42.804005', '2024-08-21 15:16:42.804005');
INSERT INTO lob_service.accounting_core_transaction_item VALUES ('item_3e212e7639134ea08a39d1b7e3da27fe65ac0da6897f60sc15dbaebfc1h', 'ReadyToApprove_3_8a283b41eab57add98278561ab51d23f3f3daa461b84ab4', 0.85320897, NULL, '1203188540', 'W100', 'Inventory : Wallets Yoroi : Yoroi Software Wallet (Staking Ops) 08', '0000000000', 'T0000', 'Dummy Account', 'W100T0000', 'Crypto Wallets to transit clearing', -1581.2, -1349.1, 'JE-0058', 'ADA', 'ISO_24165:ADA:HWGL1C2CK', NULL, NULL, NULL, NULL, NULL, NULL, NULL, NULL, NULL, NULL, NULL, 'system', 'system', '2024-08-21 15:16:42.804005', '2024-08-21 15:16:42.804005');

INSERT INTO lob_service.accounting_core_transaction_batch_assoc VALUES ('TEST_ReadyToApprove_b6dd2d9e814b96436029a8ca22440f65c64ef236459e', 'ReadyToApprove_1_8a283b41eab57add98278561ab51d23f3f3daa461b84ab4', 'system', 'system', '2024-06-13 14:09:12.050311', '2024-06-13 14:09:12.050311');
INSERT INTO lob_service.accounting_core_transaction_batch_assoc VALUES ('TEST_ReadyToApprove_b6dd2d9e814b96436029a8ca22440f65c64ef236459e', 'ReadyToApprove_2_8a283b41eab57add98278561ab51d23f3f3daa461b84ab4', 'system', 'system', '2024-06-13 14:09:12.050311', '2024-06-13 14:09:12.050311');
INSERT INTO lob_service.accounting_core_transaction_batch_assoc VALUES ('TEST_ReadyToApprove_b6dd2d9e814b96436029a8ca22440f65c64ef236459e', 'ReadyToApprove_3_8a283b41eab57add98278561ab51d23f3f3daa461b84ab4', 'system', 'system', '2024-06-13 14:09:12.050311', '2024-06-13 14:09:12.050311');

-- APPROVE2
INSERT INTO lob_service.accounting_core_transaction_batch VALUES ('TEST_ReadyToApprove2_b6dd2d9e814b96436029a8ca22440f65c64ef36459e', 'CREATED', 1, 1, 0, 0, 0, 0, 0, 0, 0, 0, NULL, NULL, NULL, '75f95560c1d883ee7628993da5adf725a5d97a13929fd4f477be0faf5020ca94', 1, '2010-01-01', '2024-05-01', NULL, '2021-06-01', '2024-06-01', 'system', 'system', '2024-08-15 18:25:00.060749','2024-08-15 18:25:00.060749');

INSERT INTO lob_service.accounting_core_transaction VALUES ('ReadyToApprove_4_8a283b41eab57add98278561ab51d23f3f3daa461b84cda', 'CardCharge', 'TEST_ReadyToApprove2_b6dd2d9e814b96436029a8ca22440f65c64ef36459e', '2023-07-04', '2023-07', 'CARDCHRG159', '75f95560c1d883ee7628993da5adf725a5d97a13929fd4f477be0faf5020ca94', 'Cardano Foundation', 'CH', 'CHE-184477354', 'ISO_4217:CHF', NULL, NULL, NULL, NULL, 'VALIDATED', false, false, 'NOT_DISPATCHED', 'NOK', 'system', 'system', CURRENT_TIMESTAMP,CURRENT_TIMESTAMP);
INSERT INTO lob_service.accounting_core_transaction_item VALUES ('item_3e212e7639134ea08a39d1b7e3da27fe65ac0da6897f606c25dbaebfc1e', 'ReadyToApprove_4_8a283b41eab57add98278561ab51d23f3f3daa461b84cda', 1, NULL, '0000000000', 'T0000', 'Dummy Account', '2406210100', '3900', 'Equity : Total Retained Earnings : Opening Balance', 'T00003900', 'Transit clearing from Other Liabilities', 100.00,100.00, 'JE-0058', 'ADA', 'ISO_24165:ADA:HWGL1C2CK', NULL, NULL, NULL, NULL, NULL, NULL, NULL, NULL, NULL, NULL, NULL, 'system', 'system', '2024-08-21 15:16:42.803421', '2024-08-21 15:16:42.803421');
INSERT INTO lob_service.accounting_core_transaction_item VALUES ('item_3e212e7639134ea08a39d1b7e3da27fe65ac0da6897f612c15dbaebfc1f', 'ReadyToApprove_4_8a283b41eab57add98278561ab51d23f3f3daa461b84cda', 1, NULL, '0000000000', 'T0000', 'Inventory : Wallets Yoroi : Yoroi Software Wallet (Staking Ops) 08', '0000000000', 'T0000', 'Dummy Account', 'W100T0000', 'Crypto Wallets to transit clearing', 100.00,100.00, 'JE-0058', 'ADA', 'ISO_24165:ADA:HWGL1C2CK', NULL, NULL, NULL, NULL, NULL, NULL, NULL, NULL, NULL, NULL, NULL, 'system', 'system', '2024-08-21 15:16:42.804005', '2024-08-21 15:16:42.804005');
INSERT INTO lob_service.accounting_core_transaction_item VALUES ('item_3e212e7639134ea08a39d1b7e3da27f125ac0da6897f606c15dbaebfs1g', 'ReadyToApprove_4_8a283b41eab57add98278561ab51d23f3f3daa461b84cda', 1, NULL, '1203188540', 'W100', 'Inventory : Wallets Yoroi : Yoroi Software Wallet (Staking Ops) 08', '0000000000', 'T0000', 'Dummy Account', 'W100T0000', 'Crypto Wallets to transit clearing', -200.00,-200.00, 'JE-0058', 'ADA', 'ISO_24165:ADA:HWGL1C2CK', NULL, NULL, NULL, NULL, NULL, NULL, NULL, NULL, NULL, NULL, NULL, 'system', 'system', '2024-08-21 15:16:42.804005', '2024-08-21 15:16:42.804005');

INSERT INTO lob_service.accounting_core_transaction_batch_assoc VALUES ('TEST_ReadyToApprove2_b6dd2d9e814b96436029a8ca22440f65c64ef36459e', 'ReadyToApprove_4_8a283b41eab57add98278561ab51d23f3f3daa461b84cda', 'system', 'system', '2024-06-13 14:09:12.050311', '2024-06-13 14:09:12.050311');

-- APPROVE3
INSERT INTO lob_service.accounting_core_transaction_batch VALUES ('TEST_ReadyToApprove3_b6dd2d9e814b96436029a8ca22440f65c64ef364571', 'CREATED', 1, 1, 0, 0, 0, 0, 0, 0, 0, 0, NULL, NULL, NULL, '75f95560c1d883ee7628993da5adf725a5d97a13929fd4f477be0faf5020ca94', 1, '2010-01-01', '2024-05-01', NULL, '2021-06-01', '2024-06-01', 'system', 'system', '2024-08-10 18:25:00.060749','2024-08-10 18:25:00.060749');

INSERT INTO lob_service.accounting_core_transaction VALUES ('ReadyToApprove_11_8a283b41eab57add98278561ab51d23f3f3daa461b84c1', 'CardCharge', 'TEST_ReadyToApprove3_b6dd2d9e814b96436029a8ca22440f65c64ef364571', '2023-07-04', '2023-07', 'CARDCHRG159', '75f95560c1d883ee7628993da5adf725a5d97a13929fd4f477be0faf5020ca94', 'Cardano Foundation', 'CH', 'CHE-184477354', 'ISO_4217:CHF', NULL, NULL, NULL, NULL, 'VALIDATED', false, false, 'NOT_DISPATCHED', 'NOK', 'system', 'system', CURRENT_TIMESTAMP,CURRENT_TIMESTAMP);
INSERT INTO lob_service.accounting_core_transaction_item VALUES ('item_3e212e7639134ea08a39d1b7e3da27fe65ac0da6897f606c25dbaebfc1h', 'ReadyToApprove_11_8a283b41eab57add98278561ab51d23f3f3daa461b84c1', 1, NULL, '0000000000', 'T0000', 'Dummy Account', '2406210100', '3900', 'Equity : Total Retained Earnings : Opening Balance', 'T00003900', 'Transit clearing from Other Liabilities', 100.00,100.00, 'JE-0058', 'ADA', 'ISO_24165:ADA:HWGL1C2CK', NULL, NULL, NULL, NULL, NULL, NULL, NULL, NULL, NULL, NULL, NULL, 'system', 'system', '2024-08-21 15:16:42.803421', '2024-08-21 15:16:42.803421');
INSERT INTO lob_service.accounting_core_transaction_item VALUES ('item_3e212e7639134ea08a39d1b7e3da27fe65ac0da6897f606c25dbaebfc1i', 'ReadyToApprove_11_8a283b41eab57add98278561ab51d23f3f3daa461b84c1', 1, NULL, '0000000000', 'T0000', 'Dummy Account', '2406210100', '3900', 'Equity : Total Retained Earnings : Opening Balance', 'T00003900', 'Transit clearing from Other Liabilities', -100.00,-100.00, 'JE-0058', 'ADA', 'ISO_24165:ADA:HWGL1C2CK', NULL, NULL, NULL, NULL, NULL, NULL, NULL, NULL, NULL, NULL, NULL, 'system', 'system', '2024-08-21 15:16:42.803421', '2024-08-21 15:16:42.803421');

INSERT INTO lob_service.accounting_core_transaction VALUES ('ReadyToApprove_12_8a283b41eab57add98278561ab51d23f3f3daa461b84c1', 'CardCharge', 'TEST_ReadyToApprove3_b6dd2d9e814b96436029a8ca22440f65c64ef364571', '2023-07-04', '2023-07', 'CARDCHRG159', '75f95560c1d883ee7628993da5adf725a5d97a13929fd4f477be0faf5020ca94', 'Cardano Foundation', 'CH', 'CHE-184477354', 'ISO_4217:CHF', NULL, NULL, NULL, NULL, 'VALIDATED', false, false, 'NOT_DISPATCHED', 'NOK', 'system', 'system', CURRENT_TIMESTAMP,CURRENT_TIMESTAMP);
INSERT INTO lob_service.accounting_core_transaction_item VALUES ('item_3e212e7639134ea08a39d1b7e3da27fe65ac0da6897f606c25dbaebfc1j', 'ReadyToApprove_12_8a283b41eab57add98278561ab51d23f3f3daa461b84c1', 1, NULL, '0000000000', 'T0000', 'Dummy Account', '2406210100', '3900', 'Equity : Total Retained Earnings : Opening Balance', 'T00003900', 'Transit clearing from Other Liabilities', 100.00,100.00, 'JE-0058', 'ADA', 'ISO_24165:ADA:HWGL1C2CK', NULL, NULL, NULL, NULL, NULL, NULL, NULL, NULL, NULL, NULL, NULL, 'system', 'system', '2024-08-21 15:16:42.803421', '2024-08-21 15:16:42.803421');
INSERT INTO lob_service.accounting_core_transaction_item VALUES ('item_3e212e7639134ea08a39d1b7e3da27fe65ac0da6897f606c25dbaebfc1k', 'ReadyToApprove_12_8a283b41eab57add98278561ab51d23f3f3daa461b84c1', 1, NULL, '0000000000', 'T0000', 'Dummy Account', '2406210100', '3900', 'Equity : Total Retained Earnings : Opening Balance', 'T00003900', 'Transit clearing from Other Liabilities', -100.00,-100.00, 'JE-0058', 'ADA', 'ISO_24165:ADA:HWGL1C2CK', NULL, NULL, NULL, NULL, NULL, NULL, NULL, NULL, NULL, NULL, NULL, 'system', 'system', '2024-08-21 15:16:42.803421', '2024-08-21 15:16:42.803421');

INSERT INTO lob_service.accounting_core_transaction VALUES ('ReadyToApprove_13_8a283b41eab57add98278561ab51d23f3f3daa461b84c1', 'CardCharge', 'TEST_ReadyToApprove3_b6dd2d9e814b96436029a8ca22440f65c64ef364571', '2023-07-04', '2023-07', 'CARDCHRG159', '75f95560c1d883ee7628993da5adf725a5d97a13929fd4f477be0faf5020ca94', 'Cardano Foundation', 'CH', 'CHE-184477354', 'ISO_4217:CHF', NULL, NULL, NULL, NULL, 'VALIDATED', false, false, 'NOT_DISPATCHED', 'NOK', 'system', 'system', CURRENT_TIMESTAMP,CURRENT_TIMESTAMP);
INSERT INTO lob_service.accounting_core_transaction_item VALUES ('item_3e212e7639134ea08a39d1b7e3da27fe65ac0da6897f606c25dbaebfc1l', 'ReadyToApprove_13_8a283b41eab57add98278561ab51d23f3f3daa461b84c1', 1, NULL, '0000000000', 'T0000', 'Dummy Account', '2406210100', '3900', 'Equity : Total Retained Earnings : Opening Balance', 'T00003900', 'Transit clearing from Other Liabilities', 100.00,100.00, 'JE-0058', 'ADA', 'ISO_24165:ADA:HWGL1C2CK', NULL, NULL, NULL, NULL, NULL, NULL, NULL, NULL, NULL, NULL, NULL, 'system', 'system', '2024-08-21 15:16:42.803421', '2024-08-21 15:16:42.803421');
INSERT INTO lob_service.accounting_core_transaction_item VALUES ('item_3e212e7639134ea08a39d1b7e3da27fe65ac0da6897f606c25dbaebfc1m', 'ReadyToApprove_13_8a283b41eab57add98278561ab51d23f3f3daa461b84c1', 1, NULL, '0000000000', 'T0000', 'Dummy Account', '2406210100', '3900', 'Equity : Total Retained Earnings : Opening Balance', 'T00003900', 'Transit clearing from Other Liabilities', -100.00,-100.00, 'JE-0058', 'ADA', 'ISO_24165:ADA:HWGL1C2CK', NULL, NULL, NULL, NULL, NULL, NULL, NULL, NULL, NULL, NULL, NULL, 'system', 'system', '2024-08-21 15:16:42.803421', '2024-08-21 15:16:42.803421');

INSERT INTO lob_service.accounting_core_transaction VALUES ('ReadyToApprove_14_8a283b41eab57add98278561ab51d23f3f3daa461b84c1', 'CardCharge', 'TEST_ReadyToApprove3_b6dd2d9e814b96436029a8ca22440f65c64ef364571', '2023-07-04', '2023-07', 'CARDCHRG159', '75f95560c1d883ee7628993da5adf725a5d97a13929fd4f477be0faf5020ca94', 'Cardano Foundation', 'CH', 'CHE-184477354', 'ISO_4217:CHF', NULL, NULL, NULL, NULL, 'VALIDATED', false, false, 'NOT_DISPATCHED', 'NOK', 'system', 'system', CURRENT_TIMESTAMP,CURRENT_TIMESTAMP);
INSERT INTO lob_service.accounting_core_transaction_item VALUES ('item_3e212e7639134ea08a39d1b7e3da27fe65ac0da6897f606c25dbaebfc1n', 'ReadyToApprove_14_8a283b41eab57add98278561ab51d23f3f3daa461b84c1', 1, NULL, '0000000000', 'T0000', 'Dummy Account', '2406210100', '3900', 'Equity : Total Retained Earnings : Opening Balance', 'T00003900', 'Transit clearing from Other Liabilities', 100.00,100.00, 'JE-0058', 'ADA', 'ISO_24165:ADA:HWGL1C2CK', NULL, NULL, NULL, NULL, NULL, NULL, NULL, NULL, NULL, NULL, NULL, 'system', 'system', '2024-08-21 15:16:42.803421', '2024-08-21 15:16:42.803421');
INSERT INTO lob_service.accounting_core_transaction_item VALUES ('item_3e212e7639134ea08a39d1b7e3da27fe65ac0da6897f606c25dbaebfc1o', 'ReadyToApprove_14_8a283b41eab57add98278561ab51d23f3f3daa461b84c1', 1, NULL, '0000000000', 'T0000', 'Dummy Account', '2406210100', '3900', 'Equity : Total Retained Earnings : Opening Balance', 'T00003900', 'Transit clearing from Other Liabilities', -100.00,-100.00, 'JE-0058', 'ADA', 'ISO_24165:ADA:HWGL1C2CK', NULL, NULL, NULL, NULL, NULL, NULL, NULL, NULL, NULL, NULL, NULL, 'system', 'system', '2024-08-21 15:16:42.803421', '2024-08-21 15:16:42.803421');

INSERT INTO lob_service.accounting_core_transaction VALUES ('ReadyToApprove_15_8a283b41eab57add98278561ab51d23f3f3daa461b84c1', 'CardCharge', 'TEST_ReadyToApprove3_b6dd2d9e814b96436029a8ca22440f65c64ef364571', '2023-07-04', '2023-07', 'CARDCHRG159', '75f95560c1d883ee7628993da5adf725a5d97a13929fd4f477be0faf5020ca94', 'Cardano Foundation', 'CH', 'CHE-184477354', 'ISO_4217:CHF', NULL, NULL, NULL, NULL, 'VALIDATED', false, false, 'NOT_DISPATCHED', 'NOK', 'system', 'system', CURRENT_TIMESTAMP,CURRENT_TIMESTAMP);
INSERT INTO lob_service.accounting_core_transaction_item VALUES ('item_3e212e7639134ea08a39d1b7e3da27fe65ac0da6897f606c25dbaebfc1p', 'ReadyToApprove_15_8a283b41eab57add98278561ab51d23f3f3daa461b84c1', 1, NULL, '0000000000', 'T0000', 'Dummy Account', '2406210100', '3900', 'Equity : Total Retained Earnings : Opening Balance', 'T00003900', 'Transit clearing from Other Liabilities', 100.00,100.00, 'JE-0058', 'ADA', 'ISO_24165:ADA:HWGL1C2CK', NULL, NULL, NULL, NULL, NULL, NULL, NULL, NULL, NULL, NULL, NULL, 'system', 'system', '2024-08-21 15:16:42.803421', '2024-08-21 15:16:42.803421');
INSERT INTO lob_service.accounting_core_transaction_item VALUES ('item_3e212e7639134ea08a39d1b7e3da27fe65ac0da6897f606c25dbaebfc1r', 'ReadyToApprove_15_8a283b41eab57add98278561ab51d23f3f3daa461b84c1', 1, NULL, '0000000000', 'T0000', 'Dummy Account', '2406210100', '3900', 'Equity : Total Retained Earnings : Opening Balance', 'T00003900', 'Transit clearing from Other Liabilities', -100.00,-100.00, 'JE-0058', 'ADA', 'ISO_24165:ADA:HWGL1C2CK', NULL, NULL, NULL, NULL, NULL, NULL, NULL, NULL, NULL, NULL, NULL, 'system', 'system', '2024-08-21 15:16:42.803421', '2024-08-21 15:16:42.803421');

INSERT INTO lob_service.accounting_core_transaction VALUES ('ReadyToApprove_16_8a283b41eab57add98278561ab51d23f3f3daa461b84c1', 'CardCharge', 'TEST_ReadyToApprove3_b6dd2d9e814b96436029a8ca22440f65c64ef364571', '2023-07-04', '2023-07', 'CARDCHRG159', '75f95560c1d883ee7628993da5adf725a5d97a13929fd4f477be0faf5020ca94', 'Cardano Foundation', 'CH', 'CHE-184477354', 'ISO_4217:CHF', NULL, NULL, NULL, NULL, 'VALIDATED', false, false, 'NOT_DISPATCHED', 'NOK', 'system', 'system', CURRENT_TIMESTAMP,CURRENT_TIMESTAMP);
INSERT INTO lob_service.accounting_core_transaction_item VALUES ('item_3e212e7639134ea08a39d1b7e3da27fe65ac0da6897f606c25dbaebfc1s', 'ReadyToApprove_16_8a283b41eab57add98278561ab51d23f3f3daa461b84c1', 1, NULL, '0000000000', 'T0000', 'Dummy Account', '2406210100', '3900', 'Equity : Total Retained Earnings : Opening Balance', 'T00003900', 'Transit clearing from Other Liabilities', 100.00,100.00, 'JE-0058', 'ADA', 'ISO_24165:ADA:HWGL1C2CK', NULL, NULL, NULL, NULL, NULL, NULL, NULL, NULL, NULL, NULL, NULL, 'system', 'system', '2024-08-21 15:16:42.803421', '2024-08-21 15:16:42.803421');
INSERT INTO lob_service.accounting_core_transaction_item VALUES ('item_3e212e7639134ea08a39d1b7e3da27fe65ac0da6897f606c25dbaebfc1t', 'ReadyToApprove_16_8a283b41eab57add98278561ab51d23f3f3daa461b84c1', 1, NULL, '0000000000', 'T0000', 'Dummy Account', '2406210100', '3900', 'Equity : Total Retained Earnings : Opening Balance', 'T00003900', 'Transit clearing from Other Liabilities', -100.00,-100.00, 'JE-0058', 'ADA', 'ISO_24165:ADA:HWGL1C2CK', NULL, NULL, NULL, NULL, NULL, NULL, NULL, NULL, NULL, NULL, NULL, 'system', 'system', '2024-08-21 15:16:42.803421', '2024-08-21 15:16:42.803421');

INSERT INTO lob_service.accounting_core_transaction VALUES ('ReadyToApprove_17_8a283b41eab57add98278561ab51d23f3f3daa461b84c1', 'CardCharge', 'TEST_ReadyToApprove3_b6dd2d9e814b96436029a8ca22440f65c64ef364571', '2023-07-04', '2023-07', 'CARDCHRG159', '75f95560c1d883ee7628993da5adf725a5d97a13929fd4f477be0faf5020ca94', 'Cardano Foundation', 'CH', 'CHE-184477354', 'ISO_4217:CHF', NULL, NULL, NULL, NULL, 'VALIDATED', false, false, 'NOT_DISPATCHED', 'NOK', 'system', 'system', CURRENT_TIMESTAMP,CURRENT_TIMESTAMP);
INSERT INTO lob_service.accounting_core_transaction_item VALUES ('item_3e212e7639134ea08a39d1b7e3da27fe65ac0da6897f606c25dbaebfc1u', 'ReadyToApprove_17_8a283b41eab57add98278561ab51d23f3f3daa461b84c1', 1, NULL, '0000000000', 'T0000', 'Dummy Account', '2406210100', '3900', 'Equity : Total Retained Earnings : Opening Balance', 'T00003900', 'Transit clearing from Other Liabilities', 100.00,100.00, 'JE-0058', 'ADA', 'ISO_24165:ADA:HWGL1C2CK', NULL, NULL, NULL, NULL, NULL, NULL, NULL, NULL, NULL, NULL, NULL, 'system', 'system', '2024-08-21 15:16:42.803421', '2024-08-21 15:16:42.803421');
INSERT INTO lob_service.accounting_core_transaction_item VALUES ('item_3e212e7639134ea08a39d1b7e3da27fe65ac0da6897f606c25dbaebfc1w', 'ReadyToApprove_17_8a283b41eab57add98278561ab51d23f3f3daa461b84c1', 1, NULL, '0000000000', 'T0000', 'Dummy Account', '2406210100', '3900', 'Equity : Total Retained Earnings : Opening Balance', 'T00003900', 'Transit clearing from Other Liabilities', -100.00,-100.00, 'JE-0058', 'ADA', 'ISO_24165:ADA:HWGL1C2CK', NULL, NULL, NULL, NULL, NULL, NULL, NULL, NULL, NULL, NULL, NULL, 'system', 'system', '2024-08-21 15:16:42.803421', '2024-08-21 15:16:42.803421');

INSERT INTO lob_service.accounting_core_transaction VALUES ('ReadyToApprove_18_8a283b41eab57add98278561ab51d23f3f3daa461b84c1', 'CardCharge', 'TEST_ReadyToApprove3_b6dd2d9e814b96436029a8ca22440f65c64ef364571', '2023-07-04', '2023-07', 'CARDCHRG159', '75f95560c1d883ee7628993da5adf725a5d97a13929fd4f477be0faf5020ca94', 'Cardano Foundation', 'CH', 'CHE-184477354', 'ISO_4217:CHF', NULL, NULL, NULL, NULL, 'VALIDATED', false, false, 'NOT_DISPATCHED', 'NOK', 'system', 'system', CURRENT_TIMESTAMP,CURRENT_TIMESTAMP);
INSERT INTO lob_service.accounting_core_transaction_item VALUES ('item_3e212e7639134ea08a39d1b7e3da27fe65ac0da6897f606c25dbaebfc1v', 'ReadyToApprove_18_8a283b41eab57add98278561ab51d23f3f3daa461b84c1', 1, NULL, '0000000000', 'T0000', 'Dummy Account', '2406210100', '3900', 'Equity : Total Retained Earnings : Opening Balance', 'T00003900', 'Transit clearing from Other Liabilities', 100.00,100.00, 'JE-0058', 'ADA', 'ISO_24165:ADA:HWGL1C2CK', NULL, NULL, NULL, NULL, NULL, NULL, NULL, NULL, NULL, NULL, NULL, 'system', 'system', '2024-08-21 15:16:42.803421', '2024-08-21 15:16:42.803421');
INSERT INTO lob_service.accounting_core_transaction_item VALUES ('item_3e212e7639134ea08a39d1b7e3da27fe65ac0da6897f606c25dbaebfc1y', 'ReadyToApprove_18_8a283b41eab57add98278561ab51d23f3f3daa461b84c1', 1, NULL, '0000000000', 'T0000', 'Dummy Account', '2406210100', '3900', 'Equity : Total Retained Earnings : Opening Balance', 'T00003900', 'Transit clearing from Other Liabilities', 100.00,100.00, 'JE-0058', 'ADA', 'ISO_24165:ADA:HWGL1C2CK', NULL, NULL, NULL, NULL, NULL, NULL, NULL, NULL, NULL, NULL, NULL, 'system', 'system', '2024-08-21 15:16:42.803421', '2024-08-21 15:16:42.803421');
INSERT INTO lob_service.accounting_core_transaction_item VALUES ('item_3e212e7639134ea08a39d1b7e3da27fe65ac0da6897f606c25dbaebfc1q', 'ReadyToApprove_18_8a283b41eab57add98278561ab51d23f3f3daa461b84c1', 1, NULL, '0000000000', 'T0000', 'Dummy Account', '2406210100', '3900', 'Equity : Total Retained Earnings : Opening Balance', 'T00003900', 'Transit clearing from Other Liabilities', -200.00,-200.00, 'JE-0058', 'ADA', 'ISO_24165:ADA:HWGL1C2CK', NULL, NULL, NULL, NULL, NULL, NULL, NULL, NULL, NULL, NULL, NULL, 'system', 'system', '2024-08-21 15:16:42.803421', '2024-08-21 15:16:42.803421');


INSERT INTO lob_service.accounting_core_transaction_batch_assoc VALUES ('TEST_ReadyToApprove3_b6dd2d9e814b96436029a8ca22440f65c64ef364571', 'ReadyToApprove_11_8a283b41eab57add98278561ab51d23f3f3daa461b84c1', 'system', 'system', '2024-06-13 14:09:12.050311', '2024-06-13 14:09:12.050311');
INSERT INTO lob_service.accounting_core_transaction_batch_assoc VALUES ('TEST_ReadyToApprove3_b6dd2d9e814b96436029a8ca22440f65c64ef364571', 'ReadyToApprove_12_8a283b41eab57add98278561ab51d23f3f3daa461b84c1', 'system', 'system', '2024-06-13 14:09:12.050311', '2024-06-13 14:09:12.050311');
INSERT INTO lob_service.accounting_core_transaction_batch_assoc VALUES ('TEST_ReadyToApprove3_b6dd2d9e814b96436029a8ca22440f65c64ef364571', 'ReadyToApprove_13_8a283b41eab57add98278561ab51d23f3f3daa461b84c1', 'system', 'system', '2024-06-13 14:09:12.050311', '2024-06-13 14:09:12.050311');
INSERT INTO lob_service.accounting_core_transaction_batch_assoc VALUES ('TEST_ReadyToApprove3_b6dd2d9e814b96436029a8ca22440f65c64ef364571', 'ReadyToApprove_14_8a283b41eab57add98278561ab51d23f3f3daa461b84c1', 'system', 'system', '2024-06-13 14:09:12.050311', '2024-06-13 14:09:12.050311');
INSERT INTO lob_service.accounting_core_transaction_batch_assoc VALUES ('TEST_ReadyToApprove3_b6dd2d9e814b96436029a8ca22440f65c64ef364571', 'ReadyToApprove_15_8a283b41eab57add98278561ab51d23f3f3daa461b84c1', 'system', 'system', '2024-06-13 14:09:12.050311', '2024-06-13 14:09:12.050311');
INSERT INTO lob_service.accounting_core_transaction_batch_assoc VALUES ('TEST_ReadyToApprove3_b6dd2d9e814b96436029a8ca22440f65c64ef364571', 'ReadyToApprove_16_8a283b41eab57add98278561ab51d23f3f3daa461b84c1', 'system', 'system', '2024-06-13 14:09:12.050311', '2024-06-13 14:09:12.050311');
INSERT INTO lob_service.accounting_core_transaction_batch_assoc VALUES ('TEST_ReadyToApprove3_b6dd2d9e814b96436029a8ca22440f65c64ef364571', 'ReadyToApprove_17_8a283b41eab57add98278561ab51d23f3f3daa461b84c1', 'system', 'system', '2024-06-13 14:09:12.050311', '2024-06-13 14:09:12.050311');
INSERT INTO lob_service.accounting_core_transaction_batch_assoc VALUES ('TEST_ReadyToApprove3_b6dd2d9e814b96436029a8ca22440f65c64ef364571', 'ReadyToApprove_18_8a283b41eab57add98278561ab51d23f3f3daa461b84c1', 'system', 'system', '2024-06-13 14:09:12.050311', '2024-06-13 14:09:12.050311');

-- Publish

INSERT INTO lob_service.accounting_core_transaction_batch VALUES ('TEST_ReadyToPublish_816d14723a4ab4a67636a7d63dc6f7adf61aba32c041', 'FINISHED', 2, 2, 0, 2, 0, 0, 0, 0, 0, 0, NULL, NULL, NULL, '75f95560c1d883ee7628993da5adf725a5d97a13929fd4f477be0faf5020ca94', 1, '2010-01-01', '2024-05-01', NULL, '2021-06-01', '2024-06-01', 'system', 'system', '2024-06-13 14:09:12.050311','2024-06-13 14:09:12.050311');

INSERT INTO lob_service.accounting_core_transaction VALUES ('ReadyToPublish_1_c2b0d6e504aadf32d573602b9cff433f703b6e0618fa630', 'CardCharge', 'TEST_ReadyToPublish_816d14723a4ab4a67636a7d63dc6f7adf61aba32c041', '2022-12-31', '2022-12', 'JOURNAL28', '75f95560c1d883ee7628993da5adf725a5d97a13929fd4f477be0faf5020ca94', 'Cardano Foundation', 'CH', 'CHE-184477354', 'ISO_4217:CHF', NULL, NULL, NULL, NULL, 'VALIDATED', true, false, 'NOT_DISPATCHED', 'NOK', 'system', 'system', CURRENT_TIMESTAMP,CURRENT_TIMESTAMP);
INSERT INTO lob_service.accounting_core_transaction_item VALUES ('item_3e212e7639134ea08a39d1b7e3da27fe65ac0da6897f606c15dbaebfc1i', 'ReadyToPublish_1_c2b0d6e504aadf32d573602b9cff433f703b6e0618fa630', 0, NULL, '1203268140', 'W100', 'Inventory : Wallets CSAG : 026 CSAG Delegated Address ADA', '0000000000', 'T0000', 'Dummy Account', 'W100T0000', 'Crypto Wallets to transit clearing', 100.17, 100.17, 'JE-0123', 'ADA', 'ISO_24165:ADA:HWGL1C2CK', NULL, NULL, NULL, NULL, NULL, NULL, NULL, NULL, NULL, NULL, NULL, 'system', 'system', '2024-08-21 15:16:42.776094', '2024-08-21 15:16:42.776094');
INSERT INTO lob_service.accounting_core_transaction_item VALUES ('item_3e212e7639134ea08a39d1b7e3da27fe65ac0da6897f606c15dbaebfc1k', 'ReadyToPublish_1_c2b0d6e504aadf32d573602b9cff433f703b6e0618fa630', 0, NULL, '0000000000', 'T0000', 'Equity : Total Retained Earnings : Opening Balance', '0000000000', 'T0000', 'Dummy Account', '3900T0000', 'Other Liabilities from transit clearing', -100.17, -100.17, 'JE-0123', 'ADA', 'ISO_24165:ADA:HWGL1C2CK', NULL, NULL, NULL, NULL, NULL, NULL, NULL, NULL, NULL, NULL, NULL, 'system', 'system', '2024-08-21 15:16:42.776276', '2024-08-21 15:16:42.776276');

INSERT INTO lob_service.accounting_core_transaction VALUES ('ReadyToPublish_2_c2b0d6e504aadf32d573602b9cff433f703b6e0618fa630', 'CardCharge', 'TEST_ReadyToPublish_816d14723a4ab4a67636a7d63dc6f7adf61aba32c041', '2022-12-31', '2022-12', 'JOURNAL29', '75f95560c1d883ee7628993da5adf725a5d97a13929fd4f477be0faf5020ca94', 'Cardano Foundation', 'CH', 'CHE-184477354', 'ISO_4217:CHF', NULL, NULL, NULL, NULL, 'VALIDATED', true, false, 'NOT_DISPATCHED', 'NOK', 'system', 'system', CURRENT_TIMESTAMP,CURRENT_TIMESTAMP);
INSERT INTO lob_service.accounting_core_transaction_item VALUES ('item_3e212e7639134ea08a39d1b7e3da27fe65ac0da6897f606c15dbaebfc1l', 'ReadyToPublish_2_c2b0d6e504aadf32d573602b9cff433f703b6e0618fa630', 0.03611921, NULL, '1203168240', 'W100', 'Inventory : Wallets Taurus : Trs Delegated Address 118', '0000000000', 'T0000', 'Dummy Account', 'W100T0000', 'Crypto Wallets to transit clearing', 14824167.34, 535437.17, 'JE-0105', 'ADA', 'ISO_24165:ADA:HWGL1C2CK', NULL, NULL, NULL, NULL, NULL, NULL, NULL, NULL, NULL, NULL, NULL, 'system', 'system', '2024-08-21 15:16:42.615372', '2024-08-21 15:16:42.615372');
INSERT INTO lob_service.accounting_core_transaction_item VALUES ('item_3e212e7639134ea08a39d1b7e3da27fe65ac0da6897f606c15dbaebfc1m', 'ReadyToPublish_2_c2b0d6e504aadf32d573602b9cff433f703b6e0618fa630', 0.03611921, NULL, '0000000000', 'T0000', 'Dummy Account', '2406210100', '3900', 'Equity : Total Retained Earnings : Opening Balance', 'T00003900', 'Transit clearing from Other Liabilities', -14824167.34, -535437.17, 'JE-0105', 'ADA', 'ISO_24165:ADA:HWGL1C2CK', NULL, NULL, NULL, NULL, NULL, NULL, NULL, NULL, NULL, NULL, NULL, 'system', 'system', '2024-08-21 15:16:42.616234', '2024-08-21 15:16:42.616234');

INSERT INTO lob_service.accounting_core_transaction_batch_assoc VALUES ('TEST_ReadyToPublish_816d14723a4ab4a67636a7d63dc6f7adf61aba32c041', 'ReadyToPublish_1_c2b0d6e504aadf32d573602b9cff433f703b6e0618fa630', 'system', 'system', '2024-06-13 14:09:12.050311', '2024-06-13 14:09:12.050311');
INSERT INTO lob_service.accounting_core_transaction_batch_assoc VALUES ('TEST_ReadyToPublish_816d14723a4ab4a67636a7d63dc6f7adf61aba32c041', 'ReadyToPublish_2_c2b0d6e504aadf32d573602b9cff433f703b6e0618fa630', 'system', 'system', '2024-06-13 14:09:12.050311', '2024-06-13 14:09:12.050311');

-- Publish2

INSERT INTO lob_service.accounting_core_transaction_batch VALUES ('TEST_ReadyToPublish2_816d14723a4ab4a67636a7d63dc6f7adf61aba32c04', 'FINISHED', 2, 2, 0, 2, 0, 0, 0, 0, 0, 0, NULL, NULL, NULL, '75f95560c1d883ee7628993da5adf725a5d97a13929fd4f477be0faf5020ca94', 1, '2010-01-01', '2024-05-01', NULL, '2021-06-01', '2024-06-01', 'system', 'system', '2024-08-18 18:25:00.060749','2024-08-18 18:25:00.060749');
INSERT INTO lob_service.accounting_core_transaction VALUES ('ReadyToPublish_3_c2b0d6e504aadf32d573602b9cff433f703b6e0618fa630', 'CardCharge', 'TEST_ReadyToPublish_816d14723a4ab4a67636a7d63dc6f7adf61aba32c041', '2022-12-31', '2022-12', 'JOURNAL28', '75f95560c1d883ee7628993da5adf725a5d97a13929fd4f477be0faf5020ca94', 'Cardano Foundation', 'CH', 'CHE-184477354', 'ISO_4217:CHF', NULL, NULL, NULL, NULL, 'VALIDATED', true, false, 'NOT_DISPATCHED', 'NOK', 'system', 'system', CURRENT_TIMESTAMP,CURRENT_TIMESTAMP);
INSERT INTO lob_service.accounting_core_transaction_item VALUES ('item_3e212e7639134ea08a39d1b7e3da27fe65ac0da6897f606c15dbaebfc21', 'ReadyToPublish_3_c2b0d6e504aadf32d573602b9cff433f703b6e0618fa630', 0, NULL, '1203268140', 'W100', 'Inventory : Wallets CSAG : 026 CSAG Delegated Address ADA', '0000000000', 'T0000', 'Dummy Account', 'W100T0000', 'Crypto Wallets to transit clearing', 100.17, 100.17, 'JE-0123', 'ADA', 'ISO_24165:ADA:HWGL1C2CK', NULL, NULL, NULL, NULL, NULL, NULL, NULL, NULL, NULL, NULL, NULL, 'system', 'system', '2024-08-21 15:16:42.776094', '2024-08-21 15:16:42.776094');
INSERT INTO lob_service.accounting_core_transaction_item VALUES ('item_3e212e7639134ea08a39d1b7e3da27fe65ac0da6897f606c15dbaebfc22', 'ReadyToPublish_3_c2b0d6e504aadf32d573602b9cff433f703b6e0618fa630', 0, NULL, '0000000000', 'T0000', 'Equity : Total Retained Earnings : Opening Balance', '0000000000', 'T0000', 'Dummy Account', '3900T0000', 'Other Liabilities from transit clearing', -100.17, -100.17, 'JE-0123', 'ADA', 'ISO_24165:ADA:HWGL1C2CK', NULL, NULL, NULL, NULL, NULL, NULL, NULL, NULL, NULL, NULL, NULL, 'system', 'system', '2024-08-21 15:16:42.776276', '2024-08-21 15:16:42.776276');

INSERT INTO lob_service.accounting_core_transaction VALUES ('ReadyToPublish_4_c2b0d6e504aadf32d573602b9cff433f703b6e0618fa630', 'CardCharge', 'TEST_ReadyToPublish_816d14723a4ab4a67636a7d63dc6f7adf61aba32c041', '2022-12-31', '2022-12', 'JOURNAL29', '75f95560c1d883ee7628993da5adf725a5d97a13929fd4f477be0faf5020ca94', 'Cardano Foundation', 'CH', 'CHE-184477354', 'ISO_4217:CHF', NULL, NULL, NULL, NULL, 'VALIDATED', true, false, 'NOT_DISPATCHED', 'NOK', 'system', 'system', CURRENT_TIMESTAMP,CURRENT_TIMESTAMP);
INSERT INTO lob_service.accounting_core_transaction_item VALUES ('item_3e212e7639134ea08a39d1b7e3da27fe65ac0da6897f606c15dbaebfc23', 'ReadyToPublish_4_c2b0d6e504aadf32d573602b9cff433f703b6e0618fa630', 0.03611921, NULL, '1203168240', 'W100', 'Inventory : Wallets Taurus : Trs Delegated Address 118', '0000000000', 'T0000', 'Dummy Account', 'W100T0000', 'Crypto Wallets to transit clearing', 14824167.34, 535437.17, 'JE-0105', 'ADA', 'ISO_24165:ADA:HWGL1C2CK', NULL, NULL, NULL, NULL, NULL, NULL, NULL, NULL, NULL, NULL, NULL, 'system', 'system', '2024-08-21 15:16:42.615372', '2024-08-21 15:16:42.615372');
INSERT INTO lob_service.accounting_core_transaction_item VALUES ('item_3e212e7639134ea08a39d1b7e3da27fe65ac0da6897f606c15dbaebfc24', 'ReadyToPublish_4_c2b0d6e504aadf32d573602b9cff433f703b6e0618fa630', 0.03611921, NULL, '0000000000', 'T0000', 'Dummy Account', '2406210100', '3900', 'Equity : Total Retained Earnings : Opening Balance', 'T00003900', 'Transit clearing from Other Liabilities', -14824167.34, -535437.17, 'JE-0105', 'ADA', 'ISO_24165:ADA:HWGL1C2CK', NULL, NULL, NULL, NULL, NULL, NULL, NULL, NULL, NULL, NULL, NULL, 'system', 'system', '2024-08-21 15:16:42.616234', '2024-08-21 15:16:42.616234');

INSERT INTO lob_service.accounting_core_transaction VALUES ('ReadyToPublish_5_c2b0d6e504aadf32d573602b9cff433f703b6e0618fa630', 'CardCharge', 'TEST_ReadyToPublish_816d14723a4ab4a67636a7d63dc6f7adf61aba32c041', '2022-12-31', '2022-12', 'JOURNAL28', '75f95560c1d883ee7628993da5adf725a5d97a13929fd4f477be0faf5020ca94', 'Cardano Foundation', 'CH', 'CHE-184477354', 'ISO_4217:CHF', NULL, NULL, NULL, NULL, 'VALIDATED', true, false, 'NOT_DISPATCHED', 'NOK', 'system', 'system', CURRENT_TIMESTAMP,CURRENT_TIMESTAMP);
INSERT INTO lob_service.accounting_core_transaction_item VALUES ('item_3e212e7639134ea08a39d1b7e3da27fe65ac0da6897f606c15dbaebfc25', 'ReadyToPublish_5_c2b0d6e504aadf32d573602b9cff433f703b6e0618fa630', 0, NULL, '1203268140', 'W100', 'Inventory : Wallets CSAG : 026 CSAG Delegated Address ADA', '0000000000', 'T0000', 'Dummy Account', 'W100T0000', 'Crypto Wallets to transit clearing', 100.17, 100.17, 'JE-0123', 'ADA', 'ISO_24165:ADA:HWGL1C2CK', NULL, NULL, NULL, NULL, NULL, NULL, NULL, NULL, NULL, NULL, NULL, 'system', 'system', '2024-08-21 15:16:42.776094', '2024-08-21 15:16:42.776094');
INSERT INTO lob_service.accounting_core_transaction_item VALUES ('item_3e212e7639134ea08a39d1b7e3da27fe65ac0da6897f606c15dbaebfc26', 'ReadyToPublish_5_c2b0d6e504aadf32d573602b9cff433f703b6e0618fa630', 0, NULL, '0000000000', 'T0000', 'Equity : Total Retained Earnings : Opening Balance', '0000000000', 'T0000', 'Dummy Account', '3900T0000', 'Other Liabilities from transit clearing', -100.17, -100.17, 'JE-0123', 'ADA', 'ISO_24165:ADA:HWGL1C2CK', NULL, NULL, NULL, NULL, NULL, NULL, NULL, NULL, NULL, NULL, NULL, 'system', 'system', '2024-08-21 15:16:42.776276', '2024-08-21 15:16:42.776276');

INSERT INTO lob_service.accounting_core_transaction_batch_assoc VALUES ('TEST_ReadyToPublish2_816d14723a4ab4a67636a7d63dc6f7adf61aba32c04', 'ReadyToPublish_3_c2b0d6e504aadf32d573602b9cff433f703b6e0618fa630', 'system', 'system', '2024-06-13 14:09:12.050311', '2024-06-13 14:09:12.050311');
INSERT INTO lob_service.accounting_core_transaction_batch_assoc VALUES ('TEST_ReadyToPublish2_816d14723a4ab4a67636a7d63dc6f7adf61aba32c04', 'ReadyToPublish_4_c2b0d6e504aadf32d573602b9cff433f703b6e0618fa630', 'system', 'system', '2024-06-13 14:09:12.050311', '2024-06-13 14:09:12.050311');
INSERT INTO lob_service.accounting_core_transaction_batch_assoc VALUES ('TEST_ReadyToPublish2_816d14723a4ab4a67636a7d63dc6f7adf61aba32c04', 'ReadyToPublish_5_c2b0d6e504aadf32d573602b9cff433f703b6e0618fa630', 'system', 'system', '2024-06-13 14:09:12.050311', '2024-06-13 14:09:12.050311');

-- Published

INSERT INTO lob_service.accounting_core_transaction_batch VALUES ('TEST_Published_345723a4ab4a67636a7d6463d84f0c6f7adf61aba32c04123', 'FINISHED', 3, 3, 0, 3, 3, 0, 0, 0, 0, 0, NULL, NULL, NULL, '75f95560c1d883ee7628993da5adf725a5d97a13929fd4f477be0faf5020ca94', 1, '2010-01-01', '2024-05-01', NULL, '2021-06-01', '2024-06-01', 'system', 'system', '2024-07-17 18:25:00.060749','2024-07-17 18:25:00.060749');

INSERT INTO lob_service.accounting_core_transaction VALUES ('Published_1_8a283b41eab57add98278561ab51d23a16f3e3baf3daa461b84a', 'CardCharge', 'TEST_Published_345723a4ab4a67636a7d6463d84f0c6f7adf61aba32c04123', '2023-07-04', '2023-07', 'CARDCHaRG159', '75f95560c1d883ee7628993da5adf725a5d97a13929fd4f477be0faf5020ca94', 'Cardano Foundation', 'CH', 'CHE-184477354', 'ISO_4217:CHF', NULL, NULL, NULL, NULL, 'VALIDATED', true, true, 'MARK_DISPATCH', 'OK', 'system', 'system', CURRENT_TIMESTAMP,CURRENT_TIMESTAMP);
INSERT INTO lob_service.accounting_core_transaction_item VALUES ('item_3e212e7639134ea08a39d1b7e3da27fe65ac0da6897f606c15dbaebfc1n', 'Published_1_8a283b41eab57add98278561ab51d23a16f3e3baf3daa461b84a', 0.85320897, NULL, '0000000000', 'T0000', 'Dummy Account', '2406210100', '3900', 'Equity : Total Retained Earnings : Opening Balance', 'T00003900', 'Transit clearing from Other Liabilities', -790.60, -674.55, 'JE-0058', 'ADA', 'ISO_24165:ADA:HWGL1C2CK', NULL, NULL, NULL, NULL, NULL, NULL, NULL, NULL, NULL, NULL, NULL, 'system', 'system', '2024-08-21 15:16:42.803421', '2024-08-21 15:16:42.803421');
INSERT INTO lob_service.accounting_core_transaction_item VALUES ('item_3e212e7639134ea08a39d1b7e3da27fe65ac0da6897f606c15dbaebfc1o', 'Published_1_8a283b41eab57add98278561ab51d23a16f3e3baf3daa461b84a', 0.85320897, NULL, '1203188540', 'W100', 'Inventory : Wallets Yoroi : Yoroi Software Wallet (Staking Ops) 08', '0000000000', 'T0000', 'Dummy Account', 'W100T0000', 'Crypto Wallets to transit clearing', 790.60, 674.55, 'JE-0058', 'ADA', 'ISO_24165:ADA:HWGL1C2CK', NULL, NULL, NULL, NULL, NULL, NULL, NULL, NULL, NULL, NULL, NULL, 'system', 'system', '2024-08-21 15:16:42.804005', '2024-08-21 15:16:42.804005');

INSERT INTO lob_service.accounting_core_transaction VALUES ('Published_2_8a283b41eab57add98278561ab51d23a16f3e3baf3daa461b84a', 'CardCharge', 'TEST_Published_345723a4ab4a67636a7d6463d84f0c6f7adf61aba32c04123', '2023-07-04', '2023-07', 'CARDCHbRG159', '75f95560c1d883ee7628993da5adf725a5d97a13929fd4f477be0faf5020ca94', 'Cardano Foundation', 'CH', 'CHE-184477354', 'ISO_4217:CHF', NULL, NULL, NULL, NULL, 'VALIDATED', true, true, 'MARK_DISPATCH', 'OK', 'system', 'system', CURRENT_TIMESTAMP,CURRENT_TIMESTAMP);
INSERT INTO lob_service.accounting_core_transaction_item VALUES ('item_3e212e7639134ea08a39d1b7e3da27fe65ac0da6897f606c15dbaebfc1p', 'Published_2_8a283b41eab57add98278561ab51d23a16f3e3baf3daa461b84a', 0.85320897, NULL, '0000000000', 'T0000', 'Dummy Account', '2406210100', '3900', 'Equity : Total Retained Earnings : Opening Balance', 'T00003900', 'Transit clearing from Other Liabilities', -790.60, -674.55, 'JE-0058', 'ADA', 'ISO_24165:ADA:HWGL1C2CK', NULL, NULL, NULL, NULL, NULL, NULL, NULL, NULL, NULL, NULL, NULL, 'system', 'system', '2024-08-21 15:16:42.803421', '2024-08-21 15:16:42.803421');
INSERT INTO lob_service.accounting_core_transaction_item VALUES ('item_3e212e7639134ea08a39d1b7e3da27fe65ac0da6897f606c15dbaebfc1q', 'Published_2_8a283b41eab57add98278561ab51d23a16f3e3baf3daa461b84a', 0.85320897, NULL, '1203188540', 'W100', 'Inventory : Wallets Yoroi : Yoroi Software Wallet (Staking Ops) 08', '0000000000', 'T0000', 'Dummy Account', 'W100T0000', 'Crypto Wallets to transit clearing', 790.60, 674.55, 'JE-0058', 'ADA', 'ISO_24165:ADA:HWGL1C2CK', NULL, NULL, NULL, NULL, NULL, NULL, NULL, NULL, NULL, NULL, NULL, 'system', 'system', '2024-08-21 15:16:42.804005', '2024-08-21 15:16:42.804005');

INSERT INTO lob_service.accounting_core_transaction VALUES ('Published_3_8a283b41eab57add98278561ab51d23a16f3e3baf3daa461b84a', 'CardCharge', 'TEST_Published_345723a4ab4a67636a7d6463d84f0c6f7adf61aba32c04123', '2023-07-04', '2023-07', 'CARDCHcRG159', '75f95560c1d883ee7628993da5adf725a5d97a13929fd4f477be0faf5020ca94', 'Cardano Foundation', 'CH', 'CHE-184477354', 'ISO_4217:CHF', NULL, NULL, NULL, NULL, 'VALIDATED', true, true, 'MARK_DISPATCH', 'OK', 'system', 'system', CURRENT_TIMESTAMP,CURRENT_TIMESTAMP);
INSERT INTO lob_service.accounting_core_transaction_item VALUES ('item_3e212e7639134ea08a39d1b7e3da27fe65ac0da6897f606c15dbaebfc1r', 'Published_3_8a283b41eab57add98278561ab51d23a16f3e3baf3daa461b84a', 0.85320897, NULL, '0000000000', 'T0000', 'Dummy Account', '2406210100', '3900', 'Equity : Total Retained Earnings : Opening Balance', 'T00003900', 'Transit clearing from Other Liabilities', -790.60, -674.55, 'JE-0058', 'ADA', 'ISO_24165:ADA:HWGL1C2CK', NULL, NULL, NULL, NULL, NULL, NULL, NULL, NULL, NULL, NULL, NULL, 'system', 'system', '2024-08-21 15:16:42.803421', '2024-08-21 15:16:42.803421');
INSERT INTO lob_service.accounting_core_transaction_item VALUES ('item_3e212e7639134ea08a39d1b7e3da27fe65ac0da6897f606c15dbaebfc1s', 'Published_3_8a283b41eab57add98278561ab51d23a16f3e3baf3daa461b84a', 0.85320897, NULL, '1203188540', 'W100', 'Inventory : Wallets Yoroi : Yoroi Software Wallet (Staking Ops) 08', '0000000000', 'T0000', 'Dummy Account', 'W100T0000', 'Crypto Wallets to transit clearing', 790.60, 674.55, 'JE-0058', 'ADA', 'ISO_24165:ADA:HWGL1C2CK', NULL, NULL, NULL, NULL, NULL, NULL, NULL, NULL, NULL, NULL, NULL, 'system', 'system', '2024-08-21 15:16:42.804005', '2024-08-21 15:16:42.804005');

INSERT INTO lob_service.accounting_core_transaction_batch_assoc VALUES ('TEST_Published_345723a4ab4a67636a7d6463d84f0c6f7adf61aba32c04123', 'Published_1_8a283b41eab57add98278561ab51d23a16f3e3baf3daa461b84a', 'system', 'system', '2024-06-13 14:09:12.050311', '2024-06-13 14:09:12.050311');
INSERT INTO lob_service.accounting_core_transaction_batch_assoc VALUES ('TEST_Published_345723a4ab4a67636a7d6463d84f0c6f7adf61aba32c04123', 'Published_2_8a283b41eab57add98278561ab51d23a16f3e3baf3daa461b84a', 'system', 'system', '2024-06-13 14:09:12.050311', '2024-06-13 14:09:12.050311');
INSERT INTO lob_service.accounting_core_transaction_batch_assoc VALUES ('TEST_Published_345723a4ab4a67636a7d6463d84f0c6f7adf61aba32c04123', 'Published_3_8a283b41eab57add98278561ab51d23a16f3e3baf3daa461b84a', 'system', 'system', '2024-06-13 14:09:12.050311', '2024-06-13 14:09:12.050311');

-- End

-- All States

INSERT INTO lob_service.accounting_core_transaction_batch VALUES ('TEST_All_state_b6x90wedd2d9e814b96436029a8ca22440f65c64ef236459e', 'FINISHED', 3, 3, 0, 0, 0, 0, 0, 0, 0, 0, NULL, NULL, NULL, '75f95560c1d883ee7628993da5adf725a5d97a13929fd4f477be0faf5020ca94', 1, '2010-01-01', '2024-05-01', NULL, '2021-06-01', '2024-06-01', 'system', 'system','2020-08-17 18:25:00.060749','2020-08-17 18:25:00.060749');

INSERT INTO lob_service.accounting_core_transaction VALUES ('Pending_by_violation_27add98278561ab51d23a16f3e3baf3daa461b84ab4', 'CardCharge', 'TEST_Invalid_88116d14723a4ab4a67636a7d6463d84f0c6f7adf61aba32c04', '2023-07-04', '2023-07', 'CARDCHRG1591', '75f95560c1d883ee7628993da5adf725a5d97a13929fd4f477be0faf5020ca94', 'Cardano Foundation', 'CH', 'CHE-184477354', 'ISO_4217:CHF', NULL, NULL, NULL, NULL,'FAILED', false, false, 'NOT_DISPATCHED', 'NOK', 'system', 'system', CURRENT_TIMESTAMP,CURRENT_TIMESTAMP);
INSERT INTO lob_service.accounting_core_transaction_batch_assoc VALUES ('TEST_All_state_b6x90wedd2d9e814b96436029a8ca22440f65c64ef236459e', 'Pending_by_violation_27add98278561ab51d23a16f3e3baf3daa461b84ab4', 'system', 'system', '2024-06-13 14:09:12.050311', '2024-06-13 14:09:12.050311');
INSERT INTO lob_service.accounting_core_transaction_item VALUES ('item_3e212e7639134ea08a39d1b7e3da27fe65ac0da6897f606c15dbaebfc1t','Pending_by_violation_27add98278561ab51d23a16f3e3baf3daa461b84ab4',0.03611921, NULL, '1203168240', 'W100', 'Inventory : Wallets Taurus : Trs Delegated Address 118', '0000000000', 'T0000', 'Dummy Account', 'W100T0000', 'Crypto Wallets to transit clearing', 14824167.34, 535437.17, 'JE-0105', 'ADA', 'ISO_24165:ADA:HWGL1C2CK', NULL, NULL, NULL, NULL, NULL, NULL, NULL, NULL, NULL, NULL, NULL, 'system', 'system', '2024-08-21 15:16:42.615372', '2024-08-21 15:16:42.615372');
INSERT INTO lob_service.accounting_core_transaction_item VALUES ('item_3e212e7639134ea08a39d1b7e3da27fe65ac0da6897f606c15dbaebfc2t','Pending_by_violation_27add98278561ab51d23a16f3e3baf3daa461b84ab4',0.03611921, NULL, '0000000000', 'T0000', 'Dummy Account', '2406210100', '3900', 'Equity : Total Retained Earnings : Opening Balance', 'T00003900', 'Transit clearing from Other Liabilities', -14824167.34, -535437.17, 'JE-0105', 'ADA', 'ISO_24165:ADA:HWGL1C2CK', NULL, NULL, NULL, NULL, NULL, NULL, NULL, NULL, NULL, NULL, NULL, 'system', 'system', '2024-08-21 15:16:42.616234', '2024-08-21 15:16:42.616234');
INSERT INTO lob_service.accounting_core_transaction_violation VALUES ('Pending_by_violation_27add98278561ab51d23a16f3e3baf3daa461b84ab4', 'item_3e212e7639134ea08a39d1b7e3da27fe65ac0da6897f606c15dbaebfc1t', 'DOCUMENT_MUST_BE_PRESENT', 'ERROR', '', 'LOB', 'DocumentMustBePresentTaskItem', '{"transactionNumber": "CARDCHRG1591"}');

INSERT INTO lob_service.accounting_core_transaction VALUES ('Invalid_by_violation_27add98278561ab51d23a16f3e3baf3daa461b84ab4', 'CardCharge', 'TEST_Invalid_88116d14723a4ab4a67636a7d6463d84f0c6f7adf61aba32c04', '2023-07-04', '2023-07', 'CARDCHRG1592', '75f95560c1d883ee7628993da5adf725a5d97a13929fd4f477be0faf5020ca94', 'Cardano Foundation', 'CH', 'CHE-184477354', 'ISO_4217:CHF', NULL, NULL, NULL, NULL, 'FAILED', false, false, 'NOT_DISPATCHED', 'NOK', 'system', 'system', CURRENT_TIMESTAMP,CURRENT_TIMESTAMP);
INSERT INTO lob_service.accounting_core_transaction_batch_assoc VALUES ('TEST_All_state_b6x90wedd2d9e814b96436029a8ca22440f65c64ef236459e', 'Invalid_by_violation_27add98278561ab51d23a16f3e3baf3daa461b84ab4', 'system', 'system', '2024-06-13 14:09:12.050311', '2024-06-13 14:09:12.050311');
INSERT INTO lob_service.accounting_core_transaction_item VALUES ('item_3e212e7639134ea08a39d1b7e3da27fe65ac0da6897f606c15dbaebfc1v', 'Invalid_by_violation_27add98278561ab51d23a16f3e3baf3daa461b84ab4', 0.03611921, NULL, '1203168240', 'W100', 'Inventory : Wallets Taurus : Trs Delegated Address 118', '0000000000', 'T0000', 'Dummy Account', 'W100T0000', 'Crypto Wallets to transit clearing', 14824167.34, 535437.17, null, null, null, NULL, NULL, NULL, NULL, NULL, NULL, NULL, NULL, NULL, NULL, NULL, 'system', 'system', '2024-08-21 15:16:42.615372', '2024-08-21 15:16:42.615372');
INSERT INTO lob_service.accounting_core_transaction_item VALUES ('item_3e212e7639134ea08a39d1b7e3da27fe65ac0da6897f606c15dbaebfc1w', 'Invalid_by_violation_27add98278561ab51d23a16f3e3baf3daa461b84ab4', 0.03611921, NULL, '0000000000', 'T0000', 'Dummy Account', '2406210100', '3900', 'Equity : Total Retained Earnings : Opening Balance', 'T00003900', 'Transit clearing from Other Liabilities', -14824167.34, -535437.17, 'JE-0106', 'ADA', 'ISO_24165:ADA:HWGL1C2CK', NULL, NULL, NULL, NULL, NULL, NULL, NULL, NULL, NULL, NULL, NULL, 'system', 'system', '2024-08-21 15:16:42.616234', '2024-08-21 15:16:42.616234');
INSERT INTO lob_service.accounting_core_transaction_violation VALUES ('Invalid_by_violation_27add98278561ab51d23a16f3e3baf3daa461b84ab4', 'item_3e212e7639134ea08a39d1b7e3da27fe65ac0da6897f606c15dbaebfc1v', 'DOCUMENT_MUST_BE_PRESENT', 'ERROR', '', 'ERP', 'DocumentMustBePresentTaskItem', '{"transactionNumber": "CARDCHRG1592"}');

INSERT INTO lob_service.accounting_core_transaction VALUES ('Pending_by_rejection_27add98278561ab51d23a16f3e3baf3daa461b84ab4', 'CardCharge', 'TEST_Invalid_88116d14723a4ab4a67636a7d6463d84f0c6f7adf61aba32c04', '2023-07-04', '2023-07', 'CARDCHRG1593', '75f95560c1d883ee7628993da5adf725a5d97a13929fd4f477be0faf5020ca94', 'Cardano Foundation', 'CH', 'CHE-184477354', 'ISO_4217:CHF', NULL, NULL, NULL, NULL, 'VALIDATED', false, false, 'NOT_DISPATCHED', 'NOK', 'system', 'system', CURRENT_TIMESTAMP,CURRENT_TIMESTAMP);
INSERT INTO lob_service.accounting_core_transaction_batch_assoc VALUES ('TEST_All_state_b6x90wedd2d9e814b96436029a8ca22440f65c64ef236459e', 'Pending_by_rejection_27add98278561ab51d23a16f3e3baf3daa461b84ab4', 'system', 'system', '2024-06-13 14:09:12.050311', '2024-06-13 14:09:12.050311');
INSERT INTO lob_service.accounting_core_transaction_item VALUES ('item_3e212e7639134ea08a39d1b7e3da27fe65ac0da6897f606c15dbaebfc1x', 'Pending_by_rejection_27add98278561ab51d23a16f3e3baf3daa461b84ab4', 0.03611921, 5, '1203168240', 'W100', 'Inventory : Wallets Taurus : Trs Delegated Address 118', '0000000000', 'T0000', 'Dummy Account', 'W100T0000', 'Crypto Wallets to transit clearing', 14824167.34, 535437.17, 'JE-0105', 'ADA', 'ISO_24165:ADA:HWGL1C2CK', NULL, NULL, NULL, NULL, NULL, NULL, NULL, NULL, NULL, NULL, NULL, 'system', 'system', '2024-08-21 15:16:42.615372', '2024-08-21 15:16:42.615372');
INSERT INTO lob_service.accounting_core_transaction_item VALUES ('item_3e212e7639134ea08a39d1b7e3da27fe65ac0da6897f606c15dbaebfc1y', 'Pending_by_rejection_27add98278561ab51d23a16f3e3baf3daa461b84ab4', 0.03611921, NULL, '0000000000', 'T0000', 'Dummy Account', '2406210100', '3900', 'Equity : Total Retained Earnings : Opening Balance', 'T00003900', 'Transit clearing from Other Liabilities', -14824167.34, -535437.17, 'JE-0105', 'ADA', 'ISO_24165:ADA:HWGL1C2CK', NULL, NULL, NULL, NULL, NULL, NULL, NULL, NULL, NULL, NULL, NULL, 'system', 'system', '2024-08-21 15:16:42.616234', '2024-08-21 15:16:42.616234');

INSERT INTO lob_service.accounting_core_transaction VALUES ('Invalid_by_rejection_27add98278561ab51d23a16f3e3baf3daa461b84ab4', 'CardCharge', 'TEST_Invalid_88116d14723a4ab4a67636a7d6463d84f0c6f7adf61aba32c04', '2023-07-04', '2023-07', 'CARDCHRG1594', '75f95560c1d883ee7628993da5adf725a5d97a13929fd4f477be0faf5020ca94', 'Cardano Foundation', 'CH', 'CHE-184477354', 'ISO_4217:CHF', NULL, NULL, NULL, NULL, 'VALIDATED', false, false, 'NOT_DISPATCHED', 'NOK', 'system', 'system', CURRENT_TIMESTAMP,CURRENT_TIMESTAMP);
INSERT INTO lob_service.accounting_core_transaction_batch_assoc VALUES ('TEST_All_state_b6x90wedd2d9e814b96436029a8ca22440f65c64ef236459e', 'Invalid_by_rejection_27add98278561ab51d23a16f3e3baf3daa461b84ab4', 'system', 'system', '2024-06-13 14:09:12.050311', '2024-06-13 14:09:12.050311');
INSERT INTO lob_service.accounting_core_transaction_item VALUES ('item_3e212e7639134ea08a39d1b7e3da27fe65ac0da6897f606c15dbaebfc1z', 'Invalid_by_rejection_27add98278561ab51d23a16f3e3baf3daa461b84ab4', 0.03611921, 3, '1203168240', 'W100', 'Inventory : Wallets Taurus : Trs Delegated Address 118', '0000000000', 'T0000', 'Dummy Account', 'W100T0000', 'Crypto Wallets to transit clearing', 14824167.34, 535437.17, 'JE-0105', 'ADA', 'ISO_24165:ADA:HWGL1C2CK', NULL, NULL, NULL, NULL, NULL, NULL, NULL, NULL, NULL, NULL, NULL, 'system', 'system', '2024-08-21 15:16:42.615372', '2024-08-21 15:16:42.615372');
INSERT INTO lob_service.accounting_core_transaction_item VALUES ('item_3e212e7639134ea08a39d1b7e3da27fe65ac0da6897f606c15dbaebfcaa', 'Invalid_by_rejection_27add98278561ab51d23a16f3e3baf3daa461b84ab4', 0.03611921, NULL, '0000000000', 'T0000', 'Dummy Account', '2406210100', '3900', 'Equity : Total Retained Earnings : Opening Balance', 'T00003900', 'Transit clearing from Other Liabilities', -14824167.34, -535437.17, 'JE-0105', 'ADA', 'ISO_24165:ADA:HWGL1C2CK', NULL, NULL, NULL, NULL, NULL, NULL, NULL, NULL, NULL, NULL, NULL, 'system', 'system', '2024-08-21 15:16:42.616234', '2024-08-21 15:16:42.616234');

INSERT INTO lob_service.accounting_core_transaction VALUES ('All_test_ready_to_approve_27af5261ab51d23a16f3e3baf3daa461b84ab4', 'CardCharge', 'TEST_Invalid_88116d14723a4ab4a67636a7d6463d84f0c6f7adf61aba32c04', '2023-07-04', '2023-07', 'CARDCHRG1595', '75f95560c1d883ee7628993da5adf725a5d97a13929fd4f477be0faf5020ca94', 'Cardano Foundation', 'CH', 'CHE-184477354', 'ISO_4217:CHF', NULL, NULL, NULL, NULL, 'VALIDATED', false, false, 'NOT_DISPATCHED', 'NOK', 'system', 'system', CURRENT_TIMESTAMP,CURRENT_TIMESTAMP);
INSERT INTO lob_service.accounting_core_transaction_batch_assoc VALUES ('TEST_All_state_b6x90wedd2d9e814b96436029a8ca22440f65c64ef236459e', 'All_test_ready_to_approve_27af5261ab51d23a16f3e3baf3daa461b84ab4', 'system', 'system', '2024-06-13 14:09:12.050311', '2024-06-13 14:09:12.050311');
INSERT INTO lob_service.accounting_core_transaction_item VALUES ('item_3e212e7639134ea18a39d1b7e3sa27fe65ac0da6897f606c15dbaebfcab', 'All_test_ready_to_approve_27af5261ab51d23a16f3e3baf3daa461b84ab4', 1.00, NULL, '1203168240', 'W100', 'Inventory : Wallets Taurus : Trs Delegated Address 118', '0000000000', 'T0000', 'Dummy Account', 'W100T0000', 'Crypto Wallets to transit clearing', 1234.56, 1234.56, 'JE-0105', 'EUR', 'ISO_24165:ADA:HWGL1C2CK', NULL, NULL, NULL, NULL, NULL, NULL, NULL, NULL, NULL, NULL, NULL, 'system', 'system', '2024-08-21 15:16:42.615372', '2024-08-21 15:16:42.615372');
INSERT INTO lob_service.accounting_core_transaction_item VALUES ('item_3e212e7639134ea18a39d1b7e3da27fe65ac0da6897f606c15dbaebfcab', 'All_test_ready_to_approve_27af5261ab51d23a16f3e3baf3daa461b84ab4', 1.00, NULL, '1203168240', 'W100', 'Inventory : Wallets Taurus : Trs Delegated Address 118', '0000000000', 'T0000', 'Dummy Account', 'W100T0000', 'Crypto Wallets to transit clearing', 1234.56, 1234.56, 'JE-0105', 'EUR', 'ISO_24165:ADA:HWGL1C2CK', NULL, NULL, NULL, NULL, NULL, NULL, NULL, NULL, NULL, NULL, NULL, 'system', 'system', '2024-08-21 15:16:42.615372', '2024-08-21 15:16:42.615372');
INSERT INTO lob_service.accounting_core_transaction_item VALUES ('item_3e212e7639134ea28a39d1b7e3da27fe65ac0da6897f606c15dbaebfcab', 'All_test_ready_to_approve_27af5261ab51d23a16f3e3baf3daa461b84ab4', 1.00, NULL, '1203168240', 'W100', 'Inventory : Wallets Taurus : Trs Delegated Address 118', '0000000000', 'T0000', 'Dummy Account', 'W100T0000', 'Crypto Wallets to transit clearing', 1234.56, 1234.56, 'JE-0105', 'EUR', 'ISO_24165:ADA:HWGL1C2CK', NULL, NULL, NULL, NULL, NULL, NULL, NULL, NULL, NULL, NULL, NULL, 'system', 'system', '2024-08-21 15:16:42.615372', '2024-08-21 15:16:42.615372');
INSERT INTO lob_service.accounting_core_transaction_item VALUES ('item_3e212e7639134ea38a39d1b7e3da27fe65ac0da6897f606c15dbaebfcab', 'All_test_ready_to_approve_27af5261ab51d23a16f3e3baf3daa461b84ab4', 1.00, NULL, '1203168240', 'W100', 'Inventory : Wallets Taurus : Trs Delegated Address 118', '0000000000', 'T0000', 'Dummy Account', 'W100T0000', 'Crypto Wallets to transit clearing', 1234.56, 1234.56, 'JE-0105', 'EUR', 'ISO_24165:ADA:HWGL1C2CK', NULL, NULL, NULL, NULL, NULL, NULL, NULL, NULL, NULL, NULL, NULL, 'system', 'system', '2024-08-21 15:16:42.615372', '2024-08-21 15:16:42.615372');
INSERT INTO lob_service.accounting_core_transaction_item VALUES ('item_3e212e7639134ea48a39d1b7e3da27fe65ac0da6897f606c15dbaebfcab', 'All_test_ready_to_approve_27af5261ab51d23a16f3e3baf3daa461b84ab4', 1.00, NULL, '1203168240', 'W100', 'Inventory : Wallets Taurus : Trs Delegated Address 118', '0000000000', 'T0000', 'Dummy Account', 'W100T0000', 'Crypto Wallets to transit clearing', 1234.56, 1234.56, 'JE-0105', 'EUR', 'ISO_24165:ADA:HWGL1C2CK', NULL, NULL, NULL, NULL, NULL, NULL, NULL, NULL, NULL, NULL, NULL, 'system', 'system', '2024-08-21 15:16:42.615372', '2024-08-21 15:16:42.615372');
INSERT INTO lob_service.accounting_core_transaction_item VALUES ('item_3e212e7639134ea58a39d1b7e3da27fe65ac0da6897f606c15dbaebfcag', 'All_test_ready_to_approve_27af5261ab51d23a16f3e3baf3daa461b84ab4', 1.00, NULL, '0000000000', 'T0000', 'Dummy Account', '2406210100', '3900', 'Equity : Total Retained Earnings : Opening Balance', 'T00003900', 'Transit clearing from Other Liabilities', -6172.80, -6172.80, 'JE-0105', 'EUR', 'ISO_24165:ADA:HWGL1C2CK', NULL, NULL, NULL, NULL, NULL, NULL, NULL, NULL, NULL, NULL, NULL, 'system', 'system', '2024-08-21 15:16:42.616234', '2024-08-21 15:16:42.616234');

INSERT INTO lob_service.accounting_core_transaction VALUES ('All_test_ready_to_publish_27af5261ab51d23a16f3e3baf3daa461b84ab4', 'CardCharge', 'TEST_Invalid_88116d14723a4ab4a67636a7d6463d84f0c6f7adf61aba32c04', '2023-07-04', '2023-07', 'CARDCHRG1596', '75f95560c1d883ee7628993da5adf725a5d97a13929fd4f477be0faf5020ca94', 'Cardano Foundation', 'CH', 'CHE-184477354', 'ISO_4217:CHF', NULL, NULL, NULL, NULL, 'VALIDATED', true, false, 'NOT_DISPATCHED', 'NOK', 'system', 'system', CURRENT_TIMESTAMP,CURRENT_TIMESTAMP);
INSERT INTO lob_service.accounting_core_transaction_batch_assoc VALUES ('TEST_All_state_b6x90wedd2d9e814b96436029a8ca22440f65c64ef236459e', 'All_test_ready_to_publish_27af5261ab51d23a16f3e3baf3daa461b84ab4', 'system', 'system', '2024-06-13 14:09:12.050311', '2024-06-13 14:09:12.050311');
INSERT INTO lob_service.accounting_core_transaction_item VALUES ('item_3e212e7639134ea08a39d1b7e3da27fe65ac0da6897f606c15dbaebfcac', 'All_test_ready_to_publish_27af5261ab51d23a16f3e3baf3daa461b84ab4', 0.03611921, NULL, '1203168240', 'W100', 'Inventory : Wallets Taurus : Trs Delegated Address 118', '0000000000', 'T0000', 'Dummy Account', 'W100T0000', 'Crypto Wallets to transit clearing', 14824167.34, 535437.17, 'JE-0105', 'ADA', 'ISO_24165:ADA:HWGL1C2CK', NULL, NULL, NULL, NULL, NULL, NULL, NULL, NULL, NULL, NULL, NULL, 'system', 'system', '2024-08-21 15:16:42.615372', '2024-08-21 15:16:42.615372');
INSERT INTO lob_service.accounting_core_transaction_item VALUES ('item_3e212e7639134ea08a39d1b7e3da27fe65ac0da6897f606c15dbaebfcvc', 'All_test_ready_to_publish_27af5261ab51d23a16f3e3baf3daa461b84ab4', 0.03611921, NULL, '0000000000', 'T0000', 'Dummy Account', '2406210100', '3900', 'Equity : Total Retained Earnings : Opening Balance', 'T00003900', 'Transit clearing from Other Liabilities', -14824167.34, -535437.17, 'JE-0105', 'ADA', 'ISO_24165:ADA:HWGL1C2CK', NULL, NULL, NULL, NULL, NULL, NULL, NULL, NULL, NULL, NULL, NULL, 'system', 'system', '2024-08-21 15:16:42.616234', '2024-08-21 15:16:42.616234');

INSERT INTO lob_service.accounting_core_transaction VALUES ('All_test_published_27a89sd8d2f5261ab51d23a16f3e3baf3daa461b84ab4', 'CardCharge', 'TEST_Invalid_88116d14723a4ab4a67636a7d6463d84f0c6f7adf61aba32c04', '2023-07-04', '2023-07', 'CARDCHRG1597', '75f95560c1d883ee7628993da5adf725a5d97a13929fd4f477be0faf5020ca94', 'Cardano Foundation', 'CH', 'CHE-184477354', 'ISO_4217:CHF', NULL, NULL, NULL, NULL, 'VALIDATED', true, true, 'NOT_DISPATCHED', 'NOK', 'system', 'system', CURRENT_TIMESTAMP,CURRENT_TIMESTAMP);
INSERT INTO lob_service.accounting_core_transaction_batch_assoc VALUES ('TEST_All_state_b6x90wedd2d9e814b96436029a8ca22440f65c64ef236459e', 'All_test_published_27a89sd8d2f5261ab51d23a16f3e3baf3daa461b84ab4', 'system', 'system', '2024-06-13 14:09:12.050311', '2024-06-13 14:09:12.050311');
INSERT INTO lob_service.accounting_core_transaction_item VALUES ('item_3e212e7639134ea08a39d1b7e3da27fe65ac0da6897f606c15dbaebfcae', 'All_test_published_27a89sd8d2f5261ab51d23a16f3e3baf3daa461b84ab4',  0.03611921, NULL, '1203168240', 'W100', 'Inventory : Wallets Taurus : Trs Delegated Address 118', '0000000000', 'T0000', 'Dummy Account', 'W100T0000', 'Crypto Wallets to transit clearing', 14824167.34, 535437.17, 'JE-0105', 'ADA', 'ISO_24165:ADA:HWGL1C2CK', NULL, NULL, NULL, NULL, NULL, NULL, NULL, NULL, NULL, NULL, NULL, 'system', 'system', '2024-08-21 15:16:42.615372', '2024-08-21 15:16:42.615372');
INSERT INTO lob_service.accounting_core_transaction_item VALUES ('item_3e212e7639134ea08a39d1b7e3da27fe65ac0da6897f606c15dbaebfcaf', 'All_test_published_27a89sd8d2f5261ab51d23a16f3e3baf3daa461b84ab4',  0.03611921, NULL, '0000000000', 'T0000', 'Dummy Account', '2406210100', '3900', 'Equity : Total Retained Earnings : Opening Balance', 'T00003900', 'Transit clearing from Other Liabilities', -14824167.34, -535437.17, 'JE-0105', 'ADA', 'ISO_24165:ADA:HWGL1C2CK', NULL, NULL, NULL, NULL, NULL, NULL, NULL, NULL, NULL, NULL, NULL, 'system', 'system', '2024-08-21 15:16:42.616234', '2024-08-21 15:16:42.616234');
