INSERT INTO organisation (organisation_id, name, tax_id_number, country_code, currency_id, accounting_period_months, pre_approve_transactions, pre_approve_transactions_dispatch, dummy_account, admin_email, created_by, updated_by, created_at, updated_at) VALUES ('75f95560c1d883ee7628993da5adf725a5d97a13929fd4f477be0faf5020ca94', 'Cardano Foundation', 'CHE-184477354', 'CH', 'ISO_4217:CHF', 36, 'false', 'false', '0000000000', 'lob@cardanofoundation.org', 'system',  'system', CURRENT_TIMESTAMP, CURRENT_TIMESTAMP);



-- Start
-- Invalid

INSERT INTO lob_service.accounting_core_transaction_batch VALUES ('TEST_Invalid_88116d14723a4ab4a67636a7d6463d84f0c6f7adf61aba32c04', 'FINISHED', 1, 1, 1, 0, 0, 0, 0, 0, 1, 0, NULL, NULL, NULL, '75f95560c1d883ee7628993da5adf725a5d97a13929fd4f477be0faf5020ca94', 1, '2010-01-01', '2024-05-01', NULL, '2021-06', '2024-06', 'system', 'system', CURRENT_TIMESTAMP,CURRENT_TIMESTAMP);
INSERT INTO lob_service.accounting_core_transaction VALUES ('Invalid_b38a283b41eab57add98278561ab51d23a16f3e3baf3daa461b84ab4', 'CardCharge', 'TEST_Invalid_88116d14723a4ab4a67636a7d6463d84f0c6f7adf61aba32c04', '2023-07-04', '2023-07', 'CARDCHRG159', '75f95560c1d883ee7628993da5adf725a5d97a13929fd4f477be0faf5020ca94', 'Cardano Foundation', 'CH', 'CHE-184477354', 'ISO_4217:CHF', NULL, 'FAILED', false, false, 'NOT_DISPATCHED', 'NOK', 'system', 'system', CURRENT_TIMESTAMP,CURRENT_TIMESTAMP);
INSERT INTO lob_service.accounting_core_transaction_batch_assoc VALUES ('TEST_Invalid_88116d14723a4ab4a67636a7d6463d84f0c6f7adf61aba32c04', 'Invalid_b38a283b41eab57add98278561ab51d23a16f3e3baf3daa461b84ab4', 'system', 'system', '2024-06-13 14:09:12.050311', '2024-06-13 14:09:12.050311');

INSERT INTO lob_service.accounting_core_transaction_item VALUES ('3e212212c5e7639134ea08a39d1b7e3da27fe65ac0da6897f606c15dbaebfc13', 'Invalid_b38a283b41eab57add98278561ab51d23a16f3e3baf3daa461b84ab4', 1.00, NULL, '1206320100', '1600', 'Other Current Assets : 120632 VAT Input Tax - Cost of Materials', '2102110100', '3100', NULL, '16003100', 'Credit Purchase - VAT Incurred', 11.17, 11.17, NULL, NULL, NULL, NULL, NULL, NULL, NULL, NULL, NULL, NULL, NULL, NULL, NULL, NULL, 'Testing User', 'Testing User', CURRENT_TIMESTAMP,CURRENT_TIMESTAMP);
INSERT INTO lob_service.accounting_core_transaction_item VALUES ('5d178b050e2b16ee04547c16f71708f430d3137871d2188e098223191a58114d', 'Invalid_b38a283b41eab57add98278561ab51d23a16f3e3baf3daa461b84ab4', 1.00, NULL, '6317110100', '7800', 'Total Other operating Expenses : IT Expenses : IT Subscriptions', '2102110100', '3100', NULL, '78003100', 'Payable - IT expenses', 145.00, 145.00, NULL, NULL, NULL, NULL, NULL, NULL, NULL, NULL, NULL, NULL, NULL, NULL, NULL, NULL, 'Testing User', 'Testing User', CURRENT_TIMESTAMP,CURRENT_TIMESTAMP);

INSERT INTO lob_service.accounting_core_transaction_violation VALUES ('Invalid_b38a283b41eab57add98278561ab51d23a16f3e3baf3daa461b84ab4', '5d178b050e2b16ee04547c16f71708f430d3137871d2188e098223191a58114d', 'DOCUMENT_MUST_BE_PRESENT', 'ERROR', '', 'ERP', 'DocumentMustBePresentTaskItem', '{"transactionNumber": "CARDCHRG159"}');
INSERT INTO lob_service.accounting_core_transaction_violation VALUES ('Invalid_b38a283b41eab57add98278561ab51d23a16f3e3baf3daa461b84ab4', '3e212212c5e7639134ea08a39d1b7e3da27fe65ac0da6897f606c15dbaebfc13', 'DOCUMENT_MUST_BE_PRESENT', 'ERROR', '', 'ERP', 'DocumentMustBePresentTaskItem', '{"transactionNumber": "CARDCHRG159"}');

INSERT INTO lob_service.accounting_core_transaction_filtering_params_transaction_number VALUES ('TEST_Invalid_88116d14723a4ab4a67636a7d6463d84f0c6f7adf61aba32c04', 'CARDCH565');
INSERT INTO lob_service.accounting_core_transaction_filtering_params_transaction_number VALUES ('TEST_Invalid_88116d14723a4ab4a67636a7d6463d84f0c6f7adf61aba32c04', 'CARDHY777');
INSERT INTO lob_service.accounting_core_transaction_filtering_params_transaction_number VALUES ('TEST_Invalid_88116d14723a4ab4a67636a7d6463d84f0c6f7adf61aba32c04', 'CARDCHRG159');
INSERT INTO lob_service.accounting_core_transaction_filtering_params_transaction_number VALUES ('TEST_Invalid_88116d14723a4ab4a67636a7d6463d84f0c6f7adf61aba32c04', 'VENDBIL119');

-- PENDING

INSERT INTO lob_service.accounting_core_transaction_batch VALUES ('TEST_Pending_88116d14723a4ab4a67636a7d6463d84f0c6f7adf61aba32c04', 'FINISHED', 1, 1, 1, 0, 0, 0, 0, 0, 0, 1, NULL, NULL, NULL, '75f95560c1d883ee7628993da5adf725a5d97a13929fd4f477be0faf5020ca94', 1, '2010-01-01', '2024-05-01', NULL, '2021-06', '2024-06', 'system', 'system', CURRENT_TIMESTAMP,CURRENT_TIMESTAMP);
INSERT INTO lob_service.accounting_core_transaction VALUES ('Pending_1_b38a283b41b57add98278561ab51d23a16f3e3baf3daa461b84ab4', 'CardCharge', 'TEST_Pending_88116d14723a4ab4a67636a7d6463d84f0c6f7adf61aba32c04', '2023-07-04', '2023-07', 'CARDCHRG159', '75f95560c1d883ee7628993da5adf725a5d97a13929fd4f477be0faf5020ca94', 'Cardano Foundation', 'CH', 'CHE-184477354', 'ISO_4217:CHF', NULL, 'FAILED', false, false, 'NOT_DISPATCHED', 'NOK', 'system', 'system', CURRENT_TIMESTAMP,CURRENT_TIMESTAMP);
INSERT INTO lob_service.accounting_core_transaction_batch_assoc VALUES ('TEST_Pending_88116d14723a4ab4a67636a7d6463d84f0c6f7adf61aba32c04', 'Pending_1_b38a283b41b57add98278561ab51d23a16f3e3baf3daa461b84ab4', 'system', 'system', '2024-06-13 14:09:12.050311', '2024-06-13 14:09:12.050311');

INSERT INTO lob_service.accounting_core_transaction_item VALUES ('3e212212c5e7639134ea08a39d1b7e3da27fe65ac0da6897f606c15d123bfc13', 'Pending_1_b38a283b41b57add98278561ab51d23a16f3e3baf3daa461b84ab4', 1.00, NULL, '1206320100', '1600', 'Other Current Assets : 120632 VAT Input Tax - Cost of Materials', '2102110100', '3100', NULL, '16003100', 'Credit Purchase - VAT Incurred', 11.17, 11.17, NULL, NULL, NULL, NULL, NULL, NULL, NULL, NULL, NULL, NULL, NULL, NULL, NULL, NULL, 'Testing User', 'Testing User', CURRENT_TIMESTAMP,CURRENT_TIMESTAMP);
INSERT INTO lob_service.accounting_core_transaction_item VALUES ('5d178b050e2b16ee04547c16f71708f430d3137871d2452e098223191a58114d', 'Pending_1_b38a283b41b57add98278561ab51d23a16f3e3baf3daa461b84ab4', 1.00, NULL, '6317110100', '7800', 'Total Other operating Expenses : IT Expenses : IT Subscriptions', '2102110100', '3100', NULL, '78003100', 'Payable - IT expenses', 145.00, 145.00, NULL, NULL, NULL, NULL, NULL, NULL, NULL, NULL, NULL, NULL, NULL, NULL, NULL, NULL, 'Testing User', 'Testing User', CURRENT_TIMESTAMP,CURRENT_TIMESTAMP);

INSERT INTO lob_service.accounting_core_transaction_violation VALUES ('Pending_1_b38a283b41b57add98278561ab51d23a16f3e3baf3daa461b84ab4', '5d178b050e2b16ee04547c16f71708f430d3137871d2452e098223191a58114d', 'DOCUMENT_MUST_BE_PRESENT', 'ERROR', '', 'LOB', 'DocumentMustBePresentTaskItem', '{"transactionNumber": "CARDCHRG159"}');
INSERT INTO lob_service.accounting_core_transaction_violation VALUES ('Pending_1_b38a283b41b57add98278561ab51d23a16f3e3baf3daa461b84ab4', '3e212212c5e7639134ea08a39d1b7e3da27fe65ac0da6897f606c15d123bfc13', 'DOCUMENT_MUST_BE_PRESENT', 'ERROR', '', 'LOB', 'DocumentMustBePresentTaskItem', '{"transactionNumber": "CARDCHRG159"}');

-- APPROVE
INSERT INTO lob_service.accounting_core_transaction_batch VALUES ('TEST_ReadyToApprove_b6dd2d9e814b96436029a8ca22440f65c64ef236459e', 'FINISHED', 3, 3, 0, 0, 0, 0, 0, 0, 0, 0, NULL, NULL, NULL, '75f95560c1d883ee7628993da5adf725a5d97a13929fd4f477be0faf5020ca94', 1, '2010-01-01', '2024-05-01', NULL, '2021-06', '2024-06', 'system', 'system', '2024-08-15 18:25:00.060749','2024-08-15 18:25:00.060749');

INSERT INTO lob_service.accounting_core_transaction VALUES ('ReadyToApprove_1_8a283b41eab57add98278561ab51d23f3f3daa461b84ab4', 'CardCharge', 'TEST_ReadyToApprove_b6dd2d9e814b96436029a8ca22440f65c64ef236459e', '2023-07-04', '2023-07', 'CARDCHRG159', '75f95560c1d883ee7628993da5adf725a5d97a13929fd4f477be0faf5020ca94', 'Cardano Foundation', 'CH', 'CHE-184477354', 'ISO_4217:CHF', NULL, 'VALIDATED', false, false, 'NOT_DISPATCHED', 'NOK', 'system', 'system', CURRENT_TIMESTAMP,CURRENT_TIMESTAMP);
INSERT INTO lob_service.accounting_core_transaction_item VALUES ('1a8fd26dc5bcc99e8b5cc16545c4ce383aabf6862652015c0e45ff7dbfa6926b', 'ReadyToApprove_1_8a283b41eab57add98278561ab51d23f3f3daa461b84ab4', 0.85320897, NULL, '0000000000', 'T0000', 'Dummy Account', '2406210100', '3900', 'Equity : Total Retained Earnings : Opening Balance', 'T00003900', 'Transit clearing from Other Liabilities', 790.60, 674.55, 'JE-0058', 'ADA', 'ISO_24165:ADA:HWGL1C2CK', NULL, NULL, NULL, NULL, NULL, NULL, NULL, NULL, NULL, NULL, NULL, 'system', 'system', '2024-08-21 15:16:42.803421', '2024-08-21 15:16:42.803421');
INSERT INTO lob_service.accounting_core_transaction_item VALUES ('f02873e91884eb28160b5d56a7fe1cd2ef3e079ab25875f39779ad3fca36c060', 'ReadyToApprove_1_8a283b41eab57add98278561ab51d23f3f3daa461b84ab4', 0.85320897, NULL, '1203188540', 'W100', 'Inventory : Wallets Yoroi : Yoroi Software Wallet (Staking Ops) 08', '0000000000', 'T0000', 'Dummy Account', 'W100T0000', 'Crypto Wallets to transit clearing', 790.60, 674.55, 'JE-0058', 'ADA', 'ISO_24165:ADA:HWGL1C2CK', NULL, NULL, NULL, NULL, NULL, NULL, NULL, NULL, NULL, NULL, NULL, 'system', 'system', '2024-08-21 15:16:42.804005', '2024-08-21 15:16:42.804005');

INSERT INTO lob_service.accounting_core_transaction VALUES ('ReadyToApprove_2_8a283b41eab57add98278561ab51d23f3f3daa461b84ab4', 'Journal', 'TEST_ReadyToApprove_b6dd2d9e814b96436029a8ca22440f65c64ef236459e', '2023-07-04', '2023-07', 'CARDCHRG159', '75f95560c1d883ee7628993da5adf725a5d97a13929fd4f477be0faf5020ca94', 'Cardano Foundation', 'CH', 'CHE-184477354', 'ISO_4217:CHF', NULL, 'VALIDATED', false, false, 'NOT_DISPATCHED', 'NOK', 'system', 'system', CURRENT_TIMESTAMP,CURRENT_TIMESTAMP);
INSERT INTO lob_service.accounting_core_transaction_item VALUES ('1a8fd26dc5bcc99e8b5cc16545c4ce383aabf6862652015c0e45ff7dbfa69262', 'ReadyToApprove_2_8a283b41eab57add98278561ab51d23f3f3daa461b84ab4', 0.85320897, NULL, '0000000000', 'T0000', 'Dummy Account', '2406210100', '3900', 'Equity : Total Retained Earnings : Opening Balance', 'T00003900', 'Transit clearing from Other Liabilities', 790.60, 674.55, 'JE-0058', 'ADA', 'ISO_24165:ADA:HWGL1C2CK', NULL, NULL, NULL, NULL, NULL, NULL, NULL, NULL, NULL, NULL, NULL, 'system', 'system', '2024-08-21 15:16:42.803421', '2024-08-21 15:16:42.803421');
INSERT INTO lob_service.accounting_core_transaction_item VALUES ('f02873e91884eb28160b5d56a7fe1cd2ef3e079ab25875f39779ad3fca36c062', 'ReadyToApprove_2_8a283b41eab57add98278561ab51d23f3f3daa461b84ab4', 0.85320897, NULL, '1203188540', 'W100', 'Inventory : Wallets Yoroi : Yoroi Software Wallet (Staking Ops) 08', '0000000000', 'T0000', 'Dummy Account', 'W100T0000', 'Crypto Wallets to transit clearing', 790.60, 674.55, 'JE-0058', 'ADA', 'ISO_24165:ADA:HWGL1C2CK', NULL, NULL, NULL, NULL, NULL, NULL, NULL, NULL, NULL, NULL, NULL, 'system', 'system', '2024-08-21 15:16:42.804005', '2024-08-21 15:16:42.804005');

INSERT INTO lob_service.accounting_core_transaction VALUES ('ReadyToApprove_3_8a283b41eab57add98278561ab51d23f3f3daa461b84ab4', 'CardCharge', 'TEST_ReadyToApprove_b6dd2d9e814b96436029a8ca22440f65c64ef236459e', '2023-07-04', '2023-07', 'CARDCHRG159', '75f95560c1d883ee7628993da5adf725a5d97a13929fd4f477be0faf5020ca94', 'Cardano Foundation', 'CH', 'CHE-184477354', 'ISO_4217:CHF', NULL, 'VALIDATED', false, false, 'NOT_DISPATCHED', 'NOK', 'system', 'system', CURRENT_TIMESTAMP,CURRENT_TIMESTAMP);
INSERT INTO lob_service.accounting_core_transaction_item VALUES ('1a8fd26dc5bcc99e8b5cc16545c4ce383aabf6862652015c0e45ff7dbfa69263', 'ReadyToApprove_3_8a283b41eab57add98278561ab51d23f3f3daa461b84ab4', 0.85320897, NULL, '0000000000', 'T0000', 'Dummy Account', '2406210100', '3900', 'Equity : Total Retained Earnings : Opening Balance', 'T00003900', 'Transit clearing from Other Liabilities', 790.60, 674.55, 'JE-0058', 'ADA', 'ISO_24165:ADA:HWGL1C2CK', NULL, NULL, NULL, NULL, NULL, NULL, NULL, NULL, NULL, NULL, NULL, 'system', 'system', '2024-08-21 15:16:42.803421', '2024-08-21 15:16:42.803421');
INSERT INTO lob_service.accounting_core_transaction_item VALUES ('f02873e91884eb28160b5d56a7fe1cd2ef3e079ab25875f39779ad3fca36c063', 'ReadyToApprove_3_8a283b41eab57add98278561ab51d23f3f3daa461b84ab4', 0.85320897, NULL, '1203188540', 'W100', 'Inventory : Wallets Yoroi : Yoroi Software Wallet (Staking Ops) 08', '0000000000', 'T0000', 'Dummy Account', 'W100T0000', 'Crypto Wallets to transit clearing', 790.60, 674.55, 'JE-0058', 'ADA', 'ISO_24165:ADA:HWGL1C2CK', NULL, NULL, NULL, NULL, NULL, NULL, NULL, NULL, NULL, NULL, NULL, 'system', 'system', '2024-08-21 15:16:42.804005', '2024-08-21 15:16:42.804005');

INSERT INTO lob_service.accounting_core_transaction_batch_assoc VALUES ('TEST_ReadyToApprove_b6dd2d9e814b96436029a8ca22440f65c64ef236459e', 'ReadyToApprove_1_8a283b41eab57add98278561ab51d23f3f3daa461b84ab4', 'system', 'system', '2024-06-13 14:09:12.050311', '2024-06-13 14:09:12.050311');
INSERT INTO lob_service.accounting_core_transaction_batch_assoc VALUES ('TEST_ReadyToApprove_b6dd2d9e814b96436029a8ca22440f65c64ef236459e', 'ReadyToApprove_2_8a283b41eab57add98278561ab51d23f3f3daa461b84ab4', 'system', 'system', '2024-06-13 14:09:12.050311', '2024-06-13 14:09:12.050311');
INSERT INTO lob_service.accounting_core_transaction_batch_assoc VALUES ('TEST_ReadyToApprove_b6dd2d9e814b96436029a8ca22440f65c64ef236459e', 'ReadyToApprove_3_8a283b41eab57add98278561ab51d23f3f3daa461b84ab4', 'system', 'system', '2024-06-13 14:09:12.050311', '2024-06-13 14:09:12.050311');


-- Publish

INSERT INTO lob_service.accounting_core_transaction_batch VALUES ('TEST_ReadyToPublish_816d14723a4ab4a67636a7d63dc6f7adf61aba32c041', 'FINISHED', 2, 2, 0, 2, 0, 0, 0, 0, 0, 0, NULL, NULL, NULL, '75f95560c1d883ee7628993da5adf725a5d97a13929fd4f477be0faf5020ca94', 1, '2010-01-01', '2024-05-01', NULL, '2021-06', '2024-06', 'system', 'system', '2024-06-13 14:09:12.050311','2024-06-13 14:09:12.050311');

INSERT INTO lob_service.accounting_core_transaction VALUES ('ReadyToPublish_1_c2b0d6e504aadf32d573602b9cff433f703b6e0618fa630', 'Journal', 'TEST_ReadyToPublish_816d14723a4ab4a67636a7d63dc6f7adf61aba32c041', '2022-12-31', '2022-12', 'JOURNAL28', '75f95560c1d883ee7628993da5adf725a5d97a13929fd4f477be0faf5020ca94', 'Cardano Foundation', 'CH', 'CHE-184477354', 'ISO_4217:CHF', NULL, 'VALIDATED', true, false, 'NOT_DISPATCHED', 'OK', 'system', 'system', CURRENT_TIMESTAMP,CURRENT_TIMESTAMP);
INSERT INTO lob_service.accounting_core_transaction_item VALUES ('dffa8baeaf30c342bbe91f4a4b631f62bbb249865166f6ff50ee1fb33fafdf02', 'ReadyToPublish_1_c2b0d6e504aadf32d573602b9cff433f703b6e0618fa630', 0.000001, NULL, '1203268140', 'W100', 'Inventory : Wallets CSAG : 026 CSAG Delegated Address ADA', '0000000000', 'T0000', 'Dummy Account', 'W100T0000', 'Crypto Wallets to transit clearing', 0.17, 0, 'JE-0123', 'ADA', 'ISO_24165:ADA:HWGL1C2CK', NULL, NULL, NULL, NULL, NULL, NULL, NULL, NULL, NULL, NULL, NULL, 'system', 'system', '2024-08-21 15:16:42.776094', '2024-08-21 15:16:42.776094');
INSERT INTO lob_service.accounting_core_transaction_item VALUES ('e300fea03cf127f066aaccad7ad7d637609618d674715b1002cfa80656449944', 'ReadyToPublish_1_c2b0d6e504aadf32d573602b9cff433f703b6e0618fa630', 0.000001, NULL, '2406210100', '3900', 'Equity : Total Retained Earnings : Opening Balance', '0000000000', 'T0000', 'Dummy Account', '3900T0000', 'Other Liabilities from transit clearing', 0.17, 0, 'JE-0123', 'ADA', 'ISO_24165:ADA:HWGL1C2CK', NULL, NULL, NULL, NULL, NULL, NULL, NULL, NULL, NULL, NULL, NULL, 'system', 'system', '2024-08-21 15:16:42.776276', '2024-08-21 15:16:42.776276');

INSERT INTO lob_service.accounting_core_transaction VALUES ('ReadyToPublish_2_c2b0d6e504aadf32d573602b9cff433f703b6e0618fa630', 'Journal', 'TEST_ReadyToPublish_816d14723a4ab4a67636a7d63dc6f7adf61aba32c041', '2022-12-31', '2022-12', 'JOURNAL29', '75f95560c1d883ee7628993da5adf725a5d97a13929fd4f477be0faf5020ca94', 'Cardano Foundation', 'CH', 'CHE-184477354', 'ISO_4217:CHF', NULL, 'VALIDATED', true, false, 'NOT_DISPATCHED', 'OK', 'system', 'system', CURRENT_TIMESTAMP,CURRENT_TIMESTAMP);
INSERT INTO lob_service.accounting_core_transaction_item VALUES ('690079c70b57fd1b943cdef678f24ce47f3e2a5ea1c29f86fc3faae8c4d230d5', 'ReadyToPublish_2_c2b0d6e504aadf32d573602b9cff433f703b6e0618fa630', 0.03611921, NULL, '1203168240', 'W100', 'Inventory : Wallets Taurus : Trs Delegated Address 118', '0000000000', 'T0000', 'Dummy Account', 'W100T0000', 'Crypto Wallets to transit clearing', 14824167.34, 535437.17, 'JE-0105', 'ADA', 'ISO_24165:ADA:HWGL1C2CK', NULL, NULL, NULL, NULL, NULL, NULL, NULL, NULL, NULL, NULL, NULL, 'system', 'system', '2024-08-21 15:16:42.615372', '2024-08-21 15:16:42.615372');
INSERT INTO lob_service.accounting_core_transaction_item VALUES ('e5016a999a48093693b7fa2bc4e47ee2e0ab14e74f085789ce98c93305d6f469', 'ReadyToPublish_2_c2b0d6e504aadf32d573602b9cff433f703b6e0618fa630', 0.03611921, NULL, '0000000000', 'T0000', 'Dummy Account', '2406210100', '3900', 'Equity : Total Retained Earnings : Opening Balance', 'T00003900', 'Transit clearing from Other Liabilities', 14824167.34, 535437.17, 'JE-0105', 'ADA', 'ISO_24165:ADA:HWGL1C2CK', NULL, NULL, NULL, NULL, NULL, NULL, NULL, NULL, NULL, NULL, NULL, 'system', 'system', '2024-08-21 15:16:42.616234', '2024-08-21 15:16:42.616234');

INSERT INTO lob_service.accounting_core_transaction_batch_assoc VALUES ('TEST_ReadyToPublish_816d14723a4ab4a67636a7d63dc6f7adf61aba32c041', 'ReadyToPublish_1_c2b0d6e504aadf32d573602b9cff433f703b6e0618fa630', 'system', 'system', '2024-06-13 14:09:12.050311', '2024-06-13 14:09:12.050311');
INSERT INTO lob_service.accounting_core_transaction_batch_assoc VALUES ('TEST_ReadyToPublish_816d14723a4ab4a67636a7d63dc6f7adf61aba32c041', 'ReadyToPublish_2_c2b0d6e504aadf32d573602b9cff433f703b6e0618fa630', 'system', 'system', '2024-06-13 14:09:12.050311', '2024-06-13 14:09:12.050311');


-- Published

INSERT INTO lob_service.accounting_core_transaction_batch VALUES ('TEST_Published_345723a4ab4a67636a7d6463d84f0c6f7adf61aba32c04123', 'FINISHED', 3, 3, 0, 3, 3, 0, 0, 0, 0, 0, NULL, NULL, NULL, '75f95560c1d883ee7628993da5adf725a5d97a13929fd4f477be0faf5020ca94', 1, '2010-01-01', '2024-05-01', NULL, '2021-06', '2024-06', 'system', 'system', CURRENT_TIMESTAMP,CURRENT_TIMESTAMP);

INSERT INTO lob_service.accounting_core_transaction VALUES ('Published_1_8a283b41eab57add98278561ab51d23a16f3e3baf3daa461b84a', 'CardCharge', 'TEST_Published_345723a4ab4a67636a7d6463d84f0c6f7adf61aba32c04123', '2023-07-04', '2023-07', 'CARDCHRG159', '75f95560c1d883ee7628993da5adf725a5d97a13929fd4f477be0faf5020ca94', 'Cardano Foundation', 'CH', 'CHE-184477354', 'ISO_4217:CHF', NULL, 'VALIDATED', true, true, 'MARK_DISPATCH', 'OK', 'system', 'system', CURRENT_TIMESTAMP,CURRENT_TIMESTAMP);
INSERT INTO lob_service.accounting_core_transaction_item VALUES ('1a8fd26dc5bcc99e8b5cc16545c4ce383aabf6862652015c0e45ff7dbfa6926d', 'Published_1_8a283b41eab57add98278561ab51d23a16f3e3baf3daa461b84a', 0.85320897, NULL, '0000000000', 'T0000', 'Dummy Account', '2406210100', '3900', 'Equity : Total Retained Earnings : Opening Balance', 'T00003900', 'Transit clearing from Other Liabilities', 790.60, 674.55, 'JE-0058', 'ADA', 'ISO_24165:ADA:HWGL1C2CK', NULL, NULL, NULL, NULL, NULL, NULL, NULL, NULL, NULL, NULL, NULL, 'system', 'system', '2024-08-21 15:16:42.803421', '2024-08-21 15:16:42.803421');
INSERT INTO lob_service.accounting_core_transaction_item VALUES ('f02873e91884eb28160b5d56a7fe1cd2ef3e079ab25875f39779ad3fca36ca60', 'Published_1_8a283b41eab57add98278561ab51d23a16f3e3baf3daa461b84a', 0.85320897, NULL, '1203188540', 'W100', 'Inventory : Wallets Yoroi : Yoroi Software Wallet (Staking Ops) 08', '0000000000', 'T0000', 'Dummy Account', 'W100T0000', 'Crypto Wallets to transit clearing', 790.60, 674.55, 'JE-0058', 'ADA', 'ISO_24165:ADA:HWGL1C2CK', NULL, NULL, NULL, NULL, NULL, NULL, NULL, NULL, NULL, NULL, NULL, 'system', 'system', '2024-08-21 15:16:42.804005', '2024-08-21 15:16:42.804005');

INSERT INTO lob_service.accounting_core_transaction VALUES ('Published_2_8a283b41eab57add98278561ab51d23a16f3e3baf3daa461b84a', 'Journal', 'TEST_Published_345723a4ab4a67636a7d6463d84f0c6f7adf61aba32c04123', '2023-07-04', '2023-07', 'CARDCHRG159', '75f95560c1d883ee7628993da5adf725a5d97a13929fd4f477be0faf5020ca94', 'Cardano Foundation', 'CH', 'CHE-184477354', 'ISO_4217:CHF', NULL, 'VALIDATED', true, true, 'MARK_DISPATCH', 'OK', 'system', 'system', CURRENT_TIMESTAMP,CURRENT_TIMESTAMP);
INSERT INTO lob_service.accounting_core_transaction_item VALUES ('1a8fd26dc5bcc99e8b5cc16545c4ce383aabf6862652015c0e45ff7dbfa69362', 'Published_2_8a283b41eab57add98278561ab51d23a16f3e3baf3daa461b84a', 0.85320897, NULL, '0000000000', 'T0000', 'Dummy Account', '2406210100', '3900', 'Equity : Total Retained Earnings : Opening Balance', 'T00003900', 'Transit clearing from Other Liabilities', 790.60, 674.55, 'JE-0058', 'ADA', 'ISO_24165:ADA:HWGL1C2CK', NULL, NULL, NULL, NULL, NULL, NULL, NULL, NULL, NULL, NULL, NULL, 'system', 'system', '2024-08-21 15:16:42.803421', '2024-08-21 15:16:42.803421');
INSERT INTO lob_service.accounting_core_transaction_item VALUES ('f02873e91884eb28160b5d56a7fe1cd2ef3e079ab25875f39779ad3fca46c062', 'Published_2_8a283b41eab57add98278561ab51d23a16f3e3baf3daa461b84a', 0.85320897, NULL, '1203188540', 'W100', 'Inventory : Wallets Yoroi : Yoroi Software Wallet (Staking Ops) 08', '0000000000', 'T0000', 'Dummy Account', 'W100T0000', 'Crypto Wallets to transit clearing', 790.60, 674.55, 'JE-0058', 'ADA', 'ISO_24165:ADA:HWGL1C2CK', NULL, NULL, NULL, NULL, NULL, NULL, NULL, NULL, NULL, NULL, NULL, 'system', 'system', '2024-08-21 15:16:42.804005', '2024-08-21 15:16:42.804005');

INSERT INTO lob_service.accounting_core_transaction VALUES ('Published_3_8a283b41eab57add98278561ab51d23a16f3e3baf3daa461b84a', 'CardCharge', 'TEST_Published_345723a4ab4a67636a7d6463d84f0c6f7adf61aba32c04123', '2023-07-04', '2023-07', 'CARDCHRG159', '75f95560c1d883ee7628993da5adf725a5d97a13929fd4f477be0faf5020ca94', 'Cardano Foundation', 'CH', 'CHE-184477354', 'ISO_4217:CHF', NULL, 'VALIDATED', true, true, 'MARK_DISPATCH', 'OK', 'system', 'system', CURRENT_TIMESTAMP,CURRENT_TIMESTAMP);
INSERT INTO lob_service.accounting_core_transaction_item VALUES ('1a8fd26dc5bcc99e8b5cc16545c4ce383aabf6862653015c0e45ff7dbfa69263', 'Published_3_8a283b41eab57add98278561ab51d23a16f3e3baf3daa461b84a', 0.85320897, NULL, '0000000000', 'T0000', 'Dummy Account', '2406210100', '3900', 'Equity : Total Retained Earnings : Opening Balance', 'T00003900', 'Transit clearing from Other Liabilities', 790.60, 674.55, 'JE-0058', 'ADA', 'ISO_24165:ADA:HWGL1C2CK', NULL, NULL, NULL, NULL, NULL, NULL, NULL, NULL, NULL, NULL, NULL, 'system', 'system', '2024-08-21 15:16:42.803421', '2024-08-21 15:16:42.803421');
INSERT INTO lob_service.accounting_core_transaction_item VALUES ('f02873e91884eb28160b5d56a7fe1cd2ef3e079ab25175f39779ad3fca36c063', 'Published_3_8a283b41eab57add98278561ab51d23a16f3e3baf3daa461b84a', 0.85320897, NULL, '1203188540', 'W100', 'Inventory : Wallets Yoroi : Yoroi Software Wallet (Staking Ops) 08', '0000000000', 'T0000', 'Dummy Account', 'W100T0000', 'Crypto Wallets to transit clearing', 790.60, 674.55, 'JE-0058', 'ADA', 'ISO_24165:ADA:HWGL1C2CK', NULL, NULL, NULL, NULL, NULL, NULL, NULL, NULL, NULL, NULL, NULL, 'system', 'system', '2024-08-21 15:16:42.804005', '2024-08-21 15:16:42.804005');

INSERT INTO lob_service.accounting_core_transaction_batch_assoc VALUES ('TEST_Published_345723a4ab4a67636a7d6463d84f0c6f7adf61aba32c04123', 'Published_1_8a283b41eab57add98278561ab51d23a16f3e3baf3daa461b84a', 'system', 'system', '2024-06-13 14:09:12.050311', '2024-06-13 14:09:12.050311');
INSERT INTO lob_service.accounting_core_transaction_batch_assoc VALUES ('TEST_Published_345723a4ab4a67636a7d6463d84f0c6f7adf61aba32c04123', 'Published_2_8a283b41eab57add98278561ab51d23a16f3e3baf3daa461b84a', 'system', 'system', '2024-06-13 14:09:12.050311', '2024-06-13 14:09:12.050311');
INSERT INTO lob_service.accounting_core_transaction_batch_assoc VALUES ('TEST_Published_345723a4ab4a67636a7d6463d84f0c6f7adf61aba32c04123', 'Published_3_8a283b41eab57add98278561ab51d23a16f3e3baf3daa461b84a', 'system', 'system', '2024-06-13 14:09:12.050311', '2024-06-13 14:09:12.050311');

-- End

