"DESCRIPTION","DURATION IN MS","NAME","PARENT SUITE","START TIME","STATUS","STOP TIME","SUB SUITE","SUITE","TEST CLASS","TEST METHOD"
"","13751","Reject transaction to invalid by incorrect amount","api-tests","2026-10-08","passed","2026-10-08","Users can reject transactions that has wrong data to avoid be published or to be correct it, system checks","tests/e2e/reject-transactions.feature.spec.js","",""
"","16442","Import ready to approve transaction","api-tests","2026-10-08","passed","2026-10-08","Users can import transactions into Reeve with a CSV file, system validates the structure file","tests/e2e/Import-transactions-CSV.feature.spec.js","",""
"","13885","Reject transaction to invalid by incorrect currency","api-tests","2026-10-08","passed","2026-10-08","Users can reject transactions that has wrong data to avoid be published or to be correct it, system checks","tests/e2e/reject-transactions.feature.spec.js","",""
"","13595","Import transaction in invalid status by missing tx number","api-tests","2026-10-08","passed","2026-10-08","Users can import transactions into Reeve with a CSV file, system validates the structure file","tests/e2e/Import-transactions-CSV.feature.spec.js","",""
"","13600","Reject transaction to pending by parent project code","api-tests","2026-10-08","passed","2026-10-08","Users can reject transactions that has wrong data to avoid be published or to be correct it, system checks","tests/e2e/reject-transactions.feature.spec.js","",""
"","13619","Import transaction in invalid status by unbalanced transaction","api-tests","2026-10-08","passed","2026-10-08","Users can import transactions into Reeve with a CSV file, system validates the structure file","tests/e2e/Import-transactions-CSV.feature.spec.js","",""
"","126","Manager user can not login with invalid credentials","api-tests","2026-10-08","passed","2026-10-08","Login and authentication process tests","tests/e2e/login.feature.spec.js","",""
"","26984","Reprocess transaction sent to pending by parent cost center mapping","api-tests","2026-10-08","passed","2026-10-08","Users can reprocess transactions that are in pending status once the issue is solved, system checks","tests/e2e/reprocess-transactions.feature.spec.js","",""
"","13645","Reject transaction to invalid by incorrect vat code","api-tests","2026-10-08","passed","2026-10-08","Users can reject transactions that has wrong data to avoid be published or to be correct it, system checks","tests/e2e/reject-transactions.feature.spec.js","",""
"","13538","Reject transaction to invalid by incorrect project","api-tests","2026-10-08","passed","2026-10-08","Users can reject transactions that has wrong data to avoid be published or to be correct it, system checks","tests/e2e/reject-transactions.feature.spec.js","",""
"","16397","Import transaction in pending status by unknown cost center","api-tests","2026-10-08","passed","2026-10-08","Users can import transactions into Reeve with a CSV file, system validates the structure file","tests/e2e/Import-transactions-CSV.feature.spec.js","",""
"","14320","Import transaction in pending status by unknown VAT code","api-tests","2026-10-08","passed","2026-10-08","Users can import transactions into Reeve with a CSV file, system validates the structure file","tests/e2e/Import-transactions-CSV.feature.spec.js","",""
"","26962","Reprocess approved transaction sent to pending by parent cost center mapping","api-tests","2026-10-08","passed","2026-10-08","Users can reprocess transactions that are in pending status once the issue is solved, system checks","tests/e2e/reprocess-transactions.feature.spec.js","",""
"","13594","Import transaction in invalid status by missing debit code","api-tests","2026-10-08","passed","2026-10-08","Users can import transactions into Reeve with a CSV file, system validates the structure file","tests/e2e/Import-transactions-CSV.feature.spec.js","",""
"","27051","Reprocess transaction in pending status by cost center mapping","api-tests","2026-10-08","passed","2026-10-08","Users can reprocess transactions that are in pending status once the issue is solved, system checks","tests/e2e/reprocess-transactions.feature.spec.js","",""
"","13568","Reject transaction to pending by parent cost center","api-tests","2026-10-08","passed","2026-10-08","Users can reject transactions that has wrong data to avoid be published or to be correct it, system checks","tests/e2e/reject-transactions.feature.spec.js","",""
"","26846","Reprocess transaction sent to pending by parent project code mapping","api-tests","2026-10-08","passed","2026-10-08","Users can reprocess transactions that are in pending status once the issue is solved, system checks","tests/e2e/reprocess-transactions.feature.spec.js","",""
"","95","Manager user can login with its credentials","api-tests","2026-10-08","passed","2026-10-08","Login and authentication process tests","tests/e2e/login.feature.spec.js","",""
"","26874","Reprocess transaction in pending status by unknown account","api-tests","2026-10-08","passed","2026-10-08","Users can reprocess transactions that are in pending status once the issue is solved, system checks","tests/e2e/reprocess-transactions.feature.spec.js","",""
"","13855","Reject transaction to invalid by incorrect cost center","api-tests","2026-10-08","passed","2026-10-08","Users can reject transactions that has wrong data to avoid be published or to be correct it, system checks","tests/e2e/reject-transactions.feature.spec.js","",""
"","14153","Import transaction in pending status by unknown Chart of account code","api-tests","2026-10-08","passed","2026-10-08","Users can import transactions into Reeve with a CSV file, system validates the structure file","tests/e2e/Import-transactions-CSV.feature.spec.js","",""
